static const char kernel_config_data[] __used = MAGIC_START
	"\x1f\x8b\x08\x00\x00\x00\x00\x00\x02\x03\x8c\x3c\xdb\x76\xe3\xb6"
	"\xae\xef\xfd\x0a\xaf\xe9\xcb\x3e\x0f\x9d\xfa\x16\x27\x39\x67\xe5"
	"\x81\x92\x28\x99\xb5\x24\x2a\x22\x65\x27\xf3\xa2\xe5\x49\x9c\x69"
	"\x4e\x73\xdb\x4e\x32\xdd\xfd\xfb\x0d\x90\xba\x90\x12\xa5\xa4\x6b"
	"\xd6\x74\x4c\x80\x20\x08\x82\x20\x00\x82\xfa\xf5\x97\x5f\x27\xe4"
	"\xfd\xed\xf9\x71\xff\x76\x7f\xb3\x7f\x78\xf8\x67\xf2\xe3\xf0\x74"
	"\x38\xee\xdf\x0e\xb7\x93\xbb\xfb\x87\xc3\xff\x4d\x02\x3e\x49\xb9"
	"\x9c\xd0\x80\xc9\xaf\x80\x1c\xdf\x3f\xbd\xff\xe7\xf7\xfd\xf1\x71"
	"\xb5\x9c\x2c\xbf\xce\xce\xbf\x2e\xe6\x27\x93\xcd\xe1\xf8\x74\x78"
	"\x98\xf8\xcf\x4f\x77\xf7\x3f\xde\xa1\xf7\xfd\xf3\xd3\x2f\xbf\xfe"
	"\xe2\xf3\x34\x64\x51\xe9\xfb\xe5\x96\xe6\x82\xf1\xb4\x94\xf4\x4a"
	"\x5e\x7c\xf9\xeb\xfd\xe6\xfe\xe9\xc7\xe4\xe6\x61\x0f\x7f\xff\x3c"
	"\x1c\x5f\x01\x7d\x32\x3b\xfd\x3a\xfd\xba\x9a\xfc\xeb\xcf\xb7\xb7"
	"\x97\xd7\xff\xfd\xfd\xf7\x1f\xf7\x6f\x7f\xbe\x7f\xff\x7a\xf3\xfc"
	"\xf8\xfb\xc3\xc3\x4f\xfd\xd7\x6f\x2f\xc7\xe7\xff\x3f\xdc\xbc\x4d"
	"\x56\xd3\xe9\xf9\xe9\xf4\xec\xfb\x72\xb1\x3a\x9d\x9d\xce\x6e\x6e"
	"\x6e\xbf\xdf\x2d\xbf\x9f\x9c\x4f\x4f\x6e\xbe\xaf\xf6\x67\xd3\xc5"
	"\xe9\xc9\xe2\xee\x30\x3b\xfb\x9f\x2f\x35\x13\x51\xcb\xc5\xc5\xd4"
	"\xe0\x8c\x89\xd2\x8f\x49\x1a\x5d\xfc\x53\x37\xc6\x01\x36\xc6\x71"
	"\xd0\x36\x29\x8c\xa6\xfb\xec\x74\x3a\x9d\xae\x6a\x18\x11\x1a\x7d"
	"\x9b\xb4\xf8\xd0\xe6\x46\x06\xaa\x03\x10\x60\xc5\x27\x69\x19\xb3"
	"\x74\x63\x8c\xeb\x97\x6b\xa0\x45\x44\x52\x46\x5c\xf2\x16\x20\x39"
	"\x8f\x45\x29\x8a\x2c\xe3\xb9\x2c\x73\x1a\xe7\x2d\x8c\xe5\x97\xe5"
	"\x8e\xe7\x06\x19\xaf\x60\x71\x20\x59\x42\x4b\x10\x3f\xf1\x62\x5a"
	"\x0a\xe8\x66\x50\x5b\xe7\x94\xc0\xac\xd3\x90\xc3\x5f\xa5\x24\x02"
	"\x3b\xc3\x02\xfe\x3a\x89\x94\x36\x3c\x4c\x5e\x0f\x6f\xef\x2f\xed"
	"\x92\xb2\x94\xc9\x92\xa6\xdb\x92\xe4\x30\x29\x96\x30\x79\xb1\x98"
	"\x03\x7a\xcd\x37\x4f\x32\x06\xc3\x48\x2a\xe4\xe4\xfe\x75\xf2\xf4"
	"\xfc\x86\x14\x1a\x29\x70\x9f\xc4\xb5\x18\xbe\xfc\xf6\x72\x38\xde"
	"\x7d\x71\xc1\x4a\x52\x98\x93\x56\xd3\x28\x05\x89\x41\x85\x1a\xfc"
	"\x35\xd9\xd2\x72\x43\xf3\x94\xc6\x65\xf4\x8d\x65\x2d\xba\x09\x89"
	"\xbf\x2d\x5b\x80\x8d\xdd\x30\xdd\xa2\x3a\x58\x0e\x68\x48\x8a\x58"
	"\x96\x6b\x2e\x64\x4a\x12\x7a\xf1\xe5\x5f\x4f\xcf\x4f\x87\x56\xbf"
	"\xc4\x8e\x58\xd4\xc4\xb5\xd8\xb2\xcc\x37\x49\x35\xb0\x8c\x0b\x76"
	"\x55\x26\x97\x05\x2d\xa8\x63\x2c\x3f\xe7\x42\x94\x09\x4d\x78\x7e"
	"\x5d\x12\x29\x89\xbf\x36\x29\x17\x82\xc6\xcc\x73\xf4\x23\x05\xec"
	"\xd1\xce\xfc\x49\xee\xaf\x35\x00\x18\x02\xc9\xc6\x86\x92\x0e\xb7"
	"\x96\x3b\x22\xd5\xa0\x56\xa3\xcc\x29\xad\xf5\x02\x94\x6c\xf2\xfa"
	"\xfe\xfd\xf5\x9f\xd7\xb7\xc3\x63\xab\x17\x11\x4d\x69\xce\x7c\xa5"
	"\x83\x59\xce\x3d\xda\xd2\x30\x41\x62\xcd\x77\xc3\x90\x32\xa6\x5b"
	"\x1a\xbb\xe1\x34\x0c\xa9\x2f\x19\xce\x2c\x0c\xcb\x44\x6b\xaa\x03"
	"\x2f\x61\x51\x4e\x24\xea\x97\x21\x8f\x3c\x00\x10\x6c\x9b\x1d\xec"
	"\x18\x41\xd3\xc0\xde\x33\x01\x4f\x08\x4b\x5d\x6d\xe5\x9a\xd1\x1c"
	"\x25\x79\xdd\x1f\x2c\x11\x0c\x31\x07\x01\x3d\xb2\x6b\x92\x06\xb0"
	"\x35\x2a\xca\x56\x57\x44\x0f\x79\xee\xd3\xa0\xda\x92\xcc\xb4\x4b"
	"\x22\x23\xb9\xa0\xee\xc1\xd4\x94\x41\x3f\x59\x45\xde\x30\x07\x4a"
	"\x03\x7c\xd8\x56\x1b\xc1\x0b\xa0\x5d\x06\x44\x92\x3e\x05\x65\x1e"
	"\xb6\x3d\x75\xa8\xc1\x8a\x00\x2c\x4b\x2a\x45\x87\x34\x1a\x28\xc9"
	"\xfc\x4d\xe9\xe5\x9c\x04\x3e\x11\x72\xb4\xb7\x85\xa6\x54\x49\xde"
	"\x3f\xc2\x11\xe0\xd2\x26\x45\x96\xa7\x14\x94\xc2\x20\x9a\xf2\x72"
	"\xfd\x0d\x4d\x4c\xa2\x56\xb7\xd9\x17\xd0\x98\xc1\x68\x3c\x60\xbe"
	"\x63\x73\xe8\x5e\x0c\x64\x63\xf6\xd1\xad\x61\x11\xc7\x43\x5d\x8c"
	"\x85\x63\xd1\x1a\x15\x47\x89\x2a\x17\x26\x99\x0c\x76\x46\x92\x49"
	"\xe8\x91\x52\xf7\x8e\xaf\x10\xb6\x3c\x2e\x52\x49\xf2\x6b\xc7\x70"
	"\x15\x4e\x3b\x60\xdd\xc9\xe7\xd0\xa7\x96\x96\x9f\x15\xbf\xcb\xfd"
	"\xeb\x5f\x93\x37\x10\xdb\x64\xff\x74\x3b\x79\x7d\xdb\xbf\xbd\x4e"
	"\xf6\x37\x37\xcf\xef\x4f\x6f\x70\xae\x76\xe4\x07\x1d\x4a\xe2\x2b"
	"\x1a\x5a\x9d\x1a\xa6\xb6\x0c\xce\x0e\x1b\x8c\x2b\xe6\x60\x0d\xd5"
	"\x4b\x29\x88\x45\xa8\xd6\x4b\x7f\x0d\x0a\xbb\x43\xb3\x6c\xdb\x1e"
	"\x0d\x20\xdb\xa8\xd2\xd9\x66\x60\x4f\x04\x68\x1d\x7c\x0a\x66\x0e"
	"\x28\xba\x8e\x08\x3c\x83\x84\x24\xd2\x12\x33\x36\x82\x25\x8e\xc9"
	"\xf5\x58\xb7\xf2\x0a\x81\xc6\xe9\x86\x6d\x8c\x3b\x79\xcf\x04\xb3"
	"\xd6\x11\xf6\x6c\x6d\xe9\x03\x26\xf0\xa8\x0c\xdc\xeb\x09\x88\xa1"
	"\xcc\x89\xef\xb4\xdf\x20\x52\x26\x78\x5c\xdb\x1f\xb5\x6e\xb9\x5f"
	"\x4c\x44\x5f\xc5\xeb\x35\x06\x70\xcb\x15\xfc\x80\x93\x1a\x94\xd9"
	"\x98\x85\xb0\x30\xd0\x14\x77\x9b\x50\x62\xa5\xa3\x49\xb1\xd9\x1f"
	"\x00\xa4\x1b\xc7\xed\x36\x32\x20\x29\x85\x65\x13\x34\xf2\xbd\x98"
	"\x99\xbb\x19\x61\x21\x49\x79\x21\x2f\x56\xcb\x7e\x23\x98\x6d\x12"
	"\x5e\xcc\x56\x36\x44\xc8\x66\x1f\x35\xd2\x43\x88\xc7\xb9\xd3\x37"
	"\x50\x0c\x70\xdf\x43\x29\x76\x8f\x7e\x8f\xa5\x73\xdf\x30\x97\x1b"
	"\xfd\x8f\x7e\x8b\xd2\x2e\xb3\x79\x0d\xc6\x54\xef\xd9\xc6\xcd\x40"
	"\xa2\x21\x9c\x37\x2c\x94\xe0\x8a\x99\xbe\x4b\x0a\x6b\x47\xcb\x30"
	"\x2e\xc4\x1a\xac\x0f\x1c\xf9\x32\x8b\x8b\xc8\xe9\xc7\xe8\xc5\x4e"
	"\xc8\x95\x4d\xac\xe1\x82\xa5\x72\x03\x1e\x4b\x48\xbb\x03\x2e\xba"
	"\x26\x52\x6f\x16\x65\x28\x6b\x95\x11\x37\x7f\x1e\x6e\xdf\x1f\x0e"
	"\xc7\xc9\xdd\x61\xff\xf6\x7e\x3c\xbc\x6a\x0b\x50\xb9\x01\xe0\x94"
	"\x26\x99\x5a\x63\x97\x2f\x80\xa6\xb9\xf2\x0f\x45\x99\x16\x09\x29"
	"\x3d\x02\x5e\xac\x6f\xa9\xbf\x8d\x05\xcc\xce\xe6\x67\x86\xf7\x19"
	"\xe5\xbc\xc8\x0c\xa1\x65\x24\xa2\xda\x1a\x99\x07\x0c\x38\x2a\x7e"
	"\xd4\xf9\x59\xbb\x43\xbd\x36\x70\x1a\xd5\xae\xea\xc2\x36\xf0\x3f"
	"\x63\xb9\xe3\x4d\x35\xba\xa9\x36\x01\xf5\x0a\x13\xe6\xda\x7a\x0a"
	"\x50\xee\x72\x26\xa9\x47\xfc\x4d\x77\x32\x5a\xcc\x6d\x6b\x48\x58"
	"\x5e\xda\x90\x56\x11\x42\x38\xac\xe0\x34\xdd\xb1\x40\xae\x9d\x56"
	"\x00\xcc\xa7\xd1\xd7\x89\x52\x0d\x9b\xb1\x40\x8c\xc1\xf3\x20\x21"
	"\xc3\xd3\x09\x61\xb7\x7f\x33\x45\x0e\x4a\x27\xa8\x79\x12\xa3\xbe"
	"\xe3\x20\x15\xc4\x9a\x86\xa6\x11\xd0\x2d\x73\x5b\x2b\x0d\x87\x8e"
	"\x95\xd9\xec\xf1\x4e\xf3\x70\xb8\x9f\x97\x85\xce\xd1\x3c\xe7\x8e"
	"\x11\xdc\xdf\x34\x38\x96\x1f\x52\xe9\x3f\xcf\x41\xc3\xa4\xe1\x80"
	"\xa0\xb3\x0d\x9e\x0f\x9c\x15\x6d\x5b\x81\x2a\x2d\x3a\x3e\x71\x0e"
	"\x4d\x6e\x5b\x0d\x62\xb1\x41\x35\x69\x2a\x3b\x64\x80\x07\x7f\x93"
	"\x71\xd8\x08\x78\xd0\x4b\x60\xc6\x49\xb1\x3a\xd8\x20\x38\x19\xd2"
	"\x43\x8d\x21\x8b\x94\x76\x62\x02\xd0\xa9\x80\x82\xd1\xf7\x89\x1c"
	"\xd0\x98\x1c\xcf\x37\x07\x49\xd4\x7b\x58\x44\x15\x7a\xe5\xa6\xeb"
	"\x8a\xbf\x49\x02\x84\xb5\x7f\x87\xb1\x51\x43\xac\x05\x2a\xbf\xd2"
	"\x65\x6f\x83\x4e\xd8\x04\x0d\x1e\x34\xcc\xad\x96\xf8\x5b\x42\x2c"
	"\x0b\x1e\x94\x57\xdf\xdc\xec\x23\x32\x77\x0f\x64\x45\x61\x10\xdb"
	"\xf2\x0c\x9c\x0a\xf6\x8d\x22\x73\x4a\xcd\x78\x9e\x80\x89\xb2\x64"
	"\xd6\x45\x13\xf0\x0f\x97\xc0\xc1\x71\x35\xd5\x46\x39\x20\x05\x0b"
	"\x66\x2b\x43\xc5\x14\x0e\x9c\xac\x3e\xcd\xa4\xca\x46\xe0\xc9\x68"
	"\x58\x1d\xa5\xca\xd5\x8f\xee\xf9\xdb\xa1\xa5\x9c\x6d\xd4\x3a\x6b"
	"\x7d\x23\x2a\x31\x24\x29\x2b\x37\xda\xcd\x27\xae\x54\xe3\x66\x9b"
	"\xba\x81\xcc\x39\x7a\x36\x28\xa1\xf6\xed\x5d\xae\xa3\x0a\x28\x1b"
	"\xbf\xd4\x3a\x7e\xba\xbf\xcb\x34\x61\xe6\xc1\x6a\x98\x6e\x1a\x87"
	"\x6a\x07\x1a\x60\x02\x11\x07\xba\xc7\x86\xc9\x2c\x24\xbd\xea\xfc"
	"\x84\x3d\x66\x50\xc9\xb8\x89\x2f\x58\x94\x92\x38\x34\x34\x56\xf1"
	"\x69\x36\xa8\xc8\xc0\x6c\x10\x6b\xeb\x38\x20\xcc\xc8\x02\x90\x60"
	"\xcb\x80\xa9\x4a\x50\xc2\x15\xef\xe2\xba\x28\x27\x2e\x0c\x20\x10"
	"\x4c\xb9\x7d\x58\x79\x24\xcf\x99\x69\x4d\x37\x48\xe7\x3a\x11\xfd"
	"\x96\xd2\x8a\x85\x9a\x56\x25\x15\xdc\xa7\x18\x88\x5a\xfa\x53\xc6"
	"\x22\xb1\x1b\xfa\x01\x36\x72\xb8\x23\x60\x62\x6a\x4f\x13\xd1\xfe"
	"\x30\x23\xf7\xaa\x01\x46\xdf\x91\x6b\x51\xda\x61\x0e\x02\x8b\x14"
	"\xd6\x72\xdb\x10\xe0\xa1\xcb\x40\xd7\x54\x1a\xac\x1e\x19\xb0\x43"
	"\x31\x04\x63\x8e\xbe\x86\x04\x1d\xe1\x5e\x2b\x44\x98\x5e\xea\xd7"
	"\x3a\xd3\xda\x00\x41\x2f\x1d\x44\xa1\x17\x0d\x02\xf3\xf8\x55\x4b"
	"\x86\x1b\xbf\x6c\x42\xcb\xd6\x6c\xfb\xb3\xa9\x95\x89\x51\xce\x4f"
	"\x95\x69\xcc\x0e\xc7\xbb\xe7\xe3\xe3\xfe\xe9\xe6\x30\xa1\x3f\x0f"
	"\x4f\x10\x00\x11\x08\x85\x7c\x0c\x81\x20\x98\x34\xfc\xeb\x01\xe2"
	"\xd8\xac\x0e\x0d\xb1\x26\x03\x56\x5e\xbb\x1b\x35\x66\xb9\x4d\x60"
	"\x19\xb9\x2b\xb4\xdc\x26\x7a\x84\xda\x35\xb2\x46\x12\x71\xe1\xf5"
	"\x8f\x43\x1b\x5c\xb9\x47\xca\x34\xf0\xd4\xed\x27\xf0\x24\x23\xa0"
	"\x2a\xf9\x66\x80\x0c\x71\x65\x84\x90\xba\xcd\x0c\x77\xa3\x11\x64"
	"\x22\x07\xef\xae\x52\x16\x63\x2b\x22\x0c\x1d\x10\x8c\x05\xca\x1c"
	"\x2c\x10\x4f\x86\xa0\x98\x61\x01\x77\xd6\xdc\xc8\x38\x3d\x74\x91"
	"\x33\x92\x4b\x46\x62\xcb\x18\x4b\x9a\x28\x27\x00\x33\xa2\x2c\x64"
	"\x7e\x27\x5f\x03\x3e\x4d\xc8\x62\xcb\x5f\x55\x06\x5b\x9d\xcf\x56"
	"\x16\x22\x59\x19\xe7\xca\x6a\xe9\x99\x7b\x29\x49\x8a\x0e\xaa\x76"
	"\x63\x2b\x3f\x7c\x6e\x83\xe0\x87\xac\x40\x4b\x4b\xed\x93\x04\x7c"
	"\xd7\x3c\xc5\x18\x04\x9c\x0f\x30\x2a\x17\xb3\xb3\x31\x04\x72\x75"
	"\x31\x1f\xa0\x50\x2f\x65\x43\x68\xf6\x09\x3c\xa0\xd7\x46\x56\x10"
	"\xba\xf9\x1b\x1d\xd6\x55\xce\xbb\xe1\x0e\xc4\x31\x8d\x48\x5c\x2a"
	"\x29\x81\x7e\x6f\x49\x5c\xd0\x8b\xe9\x7f\x6e\x0f\xfb\xdb\xa9\xf1"
	"\x9f\x91\x6f\xdd\x80\x47\xd2\x27\xa4\xe9\x43\xe4\x1e\xc6\x24\x12"
	"\x7d\x78\xbe\x13\xb0\x7e\x57\xfe\x3a\x22\x01\x38\x43\x71\xc4\xc1"
	"\xe9\x5e\x27\xfd\xe4\x8f\x75\xc4\x18\x8d\x8d\x05\xad\x79\x15\x7d"
	"\xb4\xf5\x8e\xb2\x68\xed\xca\x28\x89\xc2\x31\x14\x58\x5a\xe6\xe5"
	"\xe0\x5a\xe9\x2c\x81\xa9\xfa\xdf\x78\x0a\xad\x09\x59\xcc\x1d\x1b"
	"\x40\xd9\xa1\x9a\x48\x54\x18\xde\x90\x48\xb2\x5e\xe2\x38\xe1\x01"
	"\x05\xe7\xd1\xd4\xd5\x10\x8e\x5f\x4a\xf2\xf8\x1a\x7e\x97\xd6\xd9"
	"\x95\x45\x3a\xe3\xae\x72\x9a\xe2\x62\xe1\x0e\xbd\x0a\x95\x2c\xed"
	"\xa6\xd6\x94\x57\xbf\x51\x3e\xb1\xba\x38\xa9\xe2\xc2\xec\x61\xff"
	"\x86\xd6\x0f\x66\xf0\x70\xb8\xa9\xee\x5a\x9a\x89\xea\x8c\xaf\x8f"
	"\x7b\xc9\xed\x0f\x57\x23\xa7\x57\x6c\x18\x4c\xe2\x8c\x0d\xa4\xb2"
	"\x14\xdc\xf3\x93\xf9\xd9\xe2\x64\x14\xa1\x64\xc8\xff\x08\x0a\xcd"
	"\x61\x77\x8f\xc0\x73\x3f\x11\xd2\x1b\x46\xa0\x57\xd7\x29\x1f\x99"
	"\xe3\x66\x31\x0c\x03\xed\x00\x85\xf3\x49\x36\x32\xc9\x38\x9a\x6d"
	"\x86\xa1\x6b\x26\x46\x04\x98\xd0\x80\x81\x1e\x6e\xc6\x30\x04\x1f"
	"\x99\x7d\xb2\x85\x33\x63\x28\xb0\xbf\xf4\x4d\x23\xac\x27\xcb\x53"
	"\xcb\x43\xd7\x33\x60\x92\x8f\xc9\x20\xe2\x63\x2c\x78\x34\x05\x4b"
	"\x32\x22\xdf\x35\xf9\x63\x44\x7c\xc2\x2f\x3c\x32\x0c\xbe\x4c\xe6"
	"\xb3\x11\x05\x4a\x44\x72\x76\xbe\x38\x1d\x21\x1f\x24\xab\xd5\x74"
	"\x18\x9e\x53\x12\x8f\x2e\x00\x10\x58\xce\xcf\xc7\xe1\x8b\xf3\x0f"
	"\x38\x3c\x59\x8c\x13\x38\x19\xe3\x10\x4c\xaf\xbf\x66\xd9\x08\x05"
	"\x4a\xa4\x8c\xc7\x64\x7c\x9d\x5e\x42\xdc\x4e\xf3\x31\x39\xa4\x54"
	"\x90\x31\x53\x20\xf1\xa6\xe4\x6a\x36\xc2\xa9\xa4\x51\x3e\xb2\x94"
	"\x22\xcb\x83\x91\xce\xeb\x22\x0d\xc6\x38\xac\x10\xe6\xc3\x18\x45"
	"\xca\x32\xbc\x83\x19\xc6\xd8\x42\xbc\x06\x21\xfb\xc8\x34\xaf\xd0"
	"\xbe\x0f\x83\xbf\x5d\x8d\xc0\x40\xca\x49\xd6\xf3\x45\xbd\x77\xbc"
	"\xb5\x78\x79\x79\x3e\xbe\x19\x0e\xa7\x6f\x84\x42\xf0\xa3\xba\xe8"
	"\x11\xce\xc6\xfa\xcc\xb1\x81\x8e\xe8\x10\x9a\x29\x9e\x14\x5e\xe1"
	"\x4a\x64\x60\xa7\x44\x74\xc6\x1d\xba\x7f\x42\xd8\x65\xc1\xf2\x4d"
	"\xc7\xdb\x66\x23\x5e\xaa\xe2\x4a\x16\xde\x20\x90\xf1\xed\x20\x0c"
	"\x42\x95\x61\x18\x11\xcc\xad\x3a\x55\xd6\x15\xb1\x7a\x82\xc7\xb6"
	"\x9b\xe7\xa7\xb7\xe3\xf3\x03\x66\x47\x6f\x8f\xf7\x3f\xb5\xd3\xaf"
	"\xcf\xc1\xfd\xed\x01\xe3\x02\xc0\x3a\x18\x68\xe6\x5a\x59\x72\x05"
	"\xaf\x01\xbc\x56\xf0\x75\xd6\x9d\x8c\xb4\xc5\x69\x28\xe1\xef\xd9"
	"\x74\x3a\x88\x80\xbd\xeb\xf5\x1c\x42\xa2\xe5\x15\x7a\xb4\x57\x83"
	"\x44\x86\x95\xb4\x19\xa2\xda\x2d\x10\x98\x24\x9f\x43\xa4\x3e\x49"
	"\x06\x95\x26\xe9\x2a\x4d\x52\x69\x92\x92\x52\x70\x78\xbd\xff\xf1"
	"\xb4\xdb\x1f\x95\x34\x21\xbc\x82\x7f\x88\x01\x29\x06\xbb\x32\x03"
	"\x7f\x6e\x5c\x8a\x83\x87\xa6\x22\x81\xc7\xda\x30\x74\xc3\x72\xdb"
	"\x5d\x68\x74\x81\x3e\xdd\xbe\x3c\xdf\x3f\x75\x79\x2a\x69\x1a\x28"
	"\xd7\xd2\xd9\xe9\xf5\xef\xfb\xb7\x9b\x3f\xdd\x7a\x64\x2b\xfe\x0e"
	"\xfe\x30\xe9\xaf\x25\xf5\x87\xe2\xd1\xb0\x4d\xd0\xab\x66\x88\x26"
	"\x26\x87\xe3\x71\xff\xb6\x9f\xfc\xfd\x7c\xfc\x6b\x7f\x84\xc0\xf4"
	"\xf6\x75\xf2\xf3\x7e\x3f\x79\xfb\xf3\x30\xd9\x3f\x40\x94\xfa\xb4"
	"\x7f\x83\xf1\x5e\x27\x77\xc7\xfd\xe3\x01\xb1\x5a\x23\xa2\x83\x11"
	"\x9a\x83\x61\x2e\x92\xf2\x6c\xbe\x5a\xcc\xce\xbb\x51\x4c\x0b\x3d"
	"\x1d\x85\x2e\xa7\xab\x61\xe8\xec\x7c\x79\x3a\x1f\x84\x2e\xe6\xd3"
	"\xd3\x93\x41\xe8\xf2\xe4\x74\x64\xdc\xe5\x62\x39\x0c\x9d\x4d\xe7"
	"\xcb\xd3\xd9\xd9\x20\x78\x76\x76\x76\x76\xba\x18\x04\x2f\x57\x8b"
	"\xf9\x7c\x90\xb1\xd9\xc9\x72\xbe\x1c\x21\xae\xc0\xc3\xac\x9d\x2e"
	"\xe7\xd3\xf3\xc1\xde\x20\xea\xe5\xe2\xcc\x48\x04\xfa\x64\xcb\xa0"
	"\xbd\x86\xcf\xe7\x0b\x53\x64\x5d\xe8\x02\x46\x1f\x86\x9e\x2e\x4f"
	"\x86\x29\x2f\xa6\xb3\x99\x41\x19\xf7\x4a\x19\x92\x78\xc3\x73\x43"
	"\xac\xd3\xc5\x87\x18\xe7\x1d\x8c\xcb\x20\x04\x1d\x99\x36\x28\xd3"
	"\xe9\xca\x18\x46\x70\x1f\x02\x09\x08\x3e\x5a\x57\x03\xd3\x46\xcc"
	"\x0c\xc0\x71\x53\xc7\x0c\x23\x9f\x66\x98\xd5\x6c\x35\x9d\x9e\x4d"
	"\xe7\xe3\xdc\xd0\xd9\x74\x39\xeb\x4a\x7a\xb9\x51\x01\xba\xb0\x9d"
	"\x59\x84\xcc\x56\x15\x68\xe0\xa4\x46\x9c\xd5\xd2\x81\x63\x61\x6c"
	"\x89\x0e\xa9\x17\xe7\xfd\x11\x6a\xd8\xf2\xec\xa3\xee\x17\x8b\xf3"
	"\x6e\x52\xa1\xee\xda\x4f\x37\xe8\x1e\xcb\x33\x23\x9d\x93\x15\xd0"
	"\x18\xa1\x85\x62\x24\x1d\xbc\x40\x48\x7c\x2b\x7b\xa3\xda\x44\xe2"
	"\xba\x36\x4d\x73\x75\xf5\x73\xd1\x24\x25\xea\xf3\xd3\xba\x46\xd5"
	"\x61\x93\xba\x81\xab\xeb\x8b\x2a\xbc\x8f\x70\x72\xf8\x97\x99\xeb"
	"\x54\x58\x30\x68\x94\x31\x7e\x31\x9b\x9f\x4d\x8d\x9a\x8a\xc2\x79"
	"\x97\xb5\xe6\x31\xc5\x3b\x46\x15\x89\x77\xea\x36\x3a\xe7\x6a\x0b"
	"\x98\x9f\x4c\x3b\xa8\x8b\x81\x23\x58\x53\x71\x93\xb9\x00\x32\xb6"
	"\x60\xd7\x39\xd6\x46\x0c\x5d\x84\x56\x99\x3f\x50\x23\x95\xf2\x73"
	"\x64\x40\xf5\x64\xb4\x78\x30\x1d\xd0\xcd\xef\xea\x5a\x1d\x80\x57"
	"\x92\x1c\x04\xf7\xf2\x6d\x95\xdf\x1f\x53\x5f\xd6\xe2\x77\x0d\x10"
	"\xc2\x51\xeb\x22\xdf\x26\xc1\xb3\x30\xc5\xe4\x0f\x33\xd3\xad\xbb"
	"\x4e\x3e\xb4\xcd\xc5\xb5\x93\x5f\x17\x11\x95\xb1\x17\x0a\x57\xca"
	"\x1a\x81\x65\x96\x04\x3a\x6d\xea\x10\x8c\x4f\x40\xbe\x58\xc5\x48"
	"\xd5\x4d\x4d\x77\x2f\x04\x09\x51\xc9\x54\xc6\x1d\x79\x39\x04\x2a"
	"\x40\x09\x6c\x47\x69\x02\x4c\x5e\x9c\x5b\xa5\x90\x58\x54\xb2\x26"
	"\x01\xdf\x61\xa6\x27\xd6\x79\x30\xb7\xe6\x8a\x0c\x62\x5f\xc5\x69"
	"\x26\xab\x3b\xf5\x7a\xb2\xd4\xc7\xcc\x9a\xe5\xfc\x92\x9c\x60\x31"
	"\x8c\xdb\xf7\xa8\x80\xdd\x02\x18\x27\xf2\x86\x5e\x51\xb7\xf7\xe7"
	"\xe7\x44\xac\xcb\xa0\x48\xdc\xe1\xde\x95\xb3\xee\x86\x6f\xe2\x65"
	"\x19\x15\xd4\xac\xc2\x50\x17\x79\xaa\xe4\x00\x37\x12\xcf\xc1\xc5"
	"\xc3\x14\x62\x7b\x15\x9a\x62\x02\xb1\x4a\x55\x81\x3f\x46\xe3\x81"
	"\x0d\xa3\x92\xb5\xa5\x97\x93\x54\xa5\x9a\x68\xc0\x7c\xc9\x73\x67"
	"\x76\x4c\x61\xd2\x78\x0e\x61\x16\xe2\x74\x93\xaf\xa5\x10\x5e\x60"
	"\xd7\x43\xe1\x15\xea\x16\x14\x34\x26\xd7\xbc\x90\x83\xd6\x54\x92"
	"\x28\xc2\xab\xd4\x20\xc8\x4b\xe2\x19\x11\x4c\x95\xfc\xdc\x06\xc2"
	"\xb8\xfa\x49\x98\x64\x11\x66\xf7\x44\x06\x7c\xe4\xb4\x66\x1e\x0e"
	"\x20\xe0\xea\xda\xe2\x6a\x7b\x66\x5c\xb4\x1a\xab\xbf\xcb\x4a\x9a"
	"\x14\x71\x27\xd7\xec\x67\xb3\x93\xb2\xbe\xd3\x70\xc0\x05\x95\x60"
	"\xaa\x5d\x90\x4a\x00\xbb\x52\x4a\x2f\x9f\x82\xb6\x34\x15\x3f\x00"
	"\xf9\x79\xf6\x75\x36\xd9\x1f\x6f\xfe\xbc\x7f\x3b\xdc\x80\x83\xb8"
	"\x7f\x30\x4b\x39\x2c\x0a\xb0\x37\x49\x18\x78\x49\xff\xf4\xe8\x0d"
	"\x16\xc3\x06\x22\x92\x27\xcc\xef\x2d\x04\xee\x2d\x1b\xdc\x3d\xe1"
	"\xd6\xb4\xe7\xc3\x6a\x46\xe7\x9f\x64\xb4\x20\xbc\x4f\x36\x4b\x68"
	"\x32\xb8\xc8\xa0\xf9\x58\x78\xdc\x17\xda\xb6\x67\x1f\xc0\xd4\x15"
	"\xb0\x7b\xb3\xd8\x34\x4f\x78\x4b\x05\xcb\x68\x1b\x3a\x7d\x13\x81"
	"\xb7\xc2\x78\x1b\xe7\x6a\xaf\x68\xe5\x34\xc2\xbb\xde\xea\x12\x53"
	"\x07\xee\xcf\xc0\xe6\xf3\x0b\x66\x4e\x8d\xe9\xf9\x49\x80\x76\xeb"
	"\xe2\xcb\xcd\x0f\x70\xd7\x5f\xca\xdb\xfb\xd7\xfd\xf7\x87\xc3\xc5"
	"\x0b\x08\xe1\x15\x24\x31\x01\x3f\xfd\xf9\xf9\xe5\xb5\x7c\x3c\x3c"
	"\x42\xd3\xe1\xf8\xf3\x70\xb1\x4c\x8c\xcb\xf6\x8a\x40\x19\xe6\xe0"
	"\xea\x78\x9c\x4b\xbc\x5c\xa3\xae\x1d\x55\x63\x82\x54\x74\x19\x6a"
	"\x9f\x46\xf7\xba\xbe\xc1\xa0\xa1\x3b\x82\xd2\x25\x52\x5a\x8c\x24"
	"\xcb\x80\x2e\x6c\xac\x40\x7a\x25\x4b\xe0\x20\xfb\xb0\x4b\x65\x30"
	"\x70\xdf\x61\x1e\x05\x45\x86\x75\x01\xae\x7b\x45\xa3\x57\x91\xd6"
	"\x1d\x60\x30\x4d\xc2\x48\x97\xe7\xd7\x1c\x34\xa3\x50\xd5\xe8\x24"
	"\x07\xbb\x19\x74\x2b\xba\x2a\xc3\x2f\x4b\x70\x2e\x72\x9d\xb1\xb7"
	"\x0c\x80\x41\x4c\xdd\xd6\xad\x69\x9c\xe9\x8b\x02\x1d\xc7\x3d\xff"
	"\x0d\x71\xdb\xe3\xfe\x69\xff\xe3\xf0\x78\x78\x72\x2c\xaa\x28\x44"
	"\x66\x55\xfa\x56\x0d\x46\x4d\x4d\xeb\x5f\x55\x20\xb1\x61\x99\xba"
	"\xd8\x74\xdb\x4d\xe6\xc1\x3c\x95\x15\x70\x45\xd5\x49\x29\x62\x4a"
	"\x8d\x4b\x83\xba\xa5\xba\x4a\x68\x6d\x64\xa2\x2a\x48\x14\xcc\x4d"
	"\x68\x47\x36\x54\xd5\xed\x5a\xc4\x9a\xd6\xaa\xee\x7e\x6a\x91\x6c"
	"\xa1\x91\xef\xa4\xda\x61\x61\xa8\x50\x07\x40\x7e\xbc\xb1\x06\xae"
	"\xef\x47\xda\x84\x56\x43\x68\x77\x59\x66\x7c\x87\xa6\x33\x0c\x19"
	"\xc4\xea\xed\xe5\xb6\x9b\x74\x87\x94\x43\x64\x5d\x0c\x1e\x5a\xd5"
	"\x4f\x7a\x22\xf5\x8e\x00\xd4\xc8\xed\x26\x19\x8b\x85\x45\x12\x82"
	"\x39\x7c\xb1\x6a\xd5\x0d\x70\x5d\x68\x5b\xe9\x57\xd2\xe8\x57\x93"
	"\x62\x02\x18\xbb\x7d\x38\x18\xc6\x03\x6b\x3e\x03\x93\x78\xdd\xa2"
	"\x4b\x45\x32\x2c\xf9\xce\xd9\xb6\x73\x3b\xdc\x20\x45\x7c\x5b\xc6"
	"\x70\x0c\x0e\xe4\x38\x2d\x3c\x70\x8c\x5c\x37\x03\xb0\x8b\x14\x0a"
	"\x96\xcd\x52\x61\x9c\x42\x0d\xbb\x93\xa0\xc9\x70\xb4\x56\x17\x69"
	"\x57\x9c\x37\x73\x0b\x8f\x87\x7f\xbf\x1f\x9e\x6e\xfe\x99\xbc\xde"
	"\xec\x1f\xac\x9a\x62\xe4\x04\xf6\xce\xa5\x3d\x51\x6c\x51\xbc\x11"
	"\x29\xf3\x52\x57\xa0\x75\xc1\xc8\x97\xa3\x19\xdd\x2a\xe1\x68\xaf"
	"\xcb\x16\x90\xea\x50\x6d\x90\x13\x17\x15\x51\x80\xab\x38\x28\xc8"
	"\x5e\x17\x34\x2d\xaa\xc6\xec\xf3\x5d\x38\x98\x57\xe0\x27\xf8\x7c"
	"\x0f\xac\x2b\xa5\xf9\x56\xdd\x78\x7e\xbe\x97\x0a\x57\x0a\xc9\xe2"
	"\x81\x3a\xe3\x46\xf0\xb6\x88\x9c\x18\xb5\x60\x06\xe0\x8d\x14\x9c"
	"\x22\xfe\xfc\xa4\xc7\x26\x6b\x86\xbf\x58\x00\x3c\xc0\x4a\x33\x6b"
	"\x53\x29\xef\xba\x4a\xe9\x4a\xd8\x01\xa2\x96\xa1\x1c\x62\x52\x83"
	"\x8b\x24\xb9\x1e\x4a\x23\xa8\xc8\x1c\xc2\x07\x09\x9b\xa9\xea\x30"
	"\x88\xaa\xd2\x1a\x35\x55\x3c\xf0\xdc\x5e\x90\x8d\xb7\xde\x75\x3c"
	"\xa8\x2e\x78\x24\x15\xdf\xc8\x29\x11\xee\x5c\xe9\x25\xcf\xd9\xa5"
	"\x8b\x6f\x25\xa6\xf0\xfe\xf8\xf8\x37\xe6\x73\x9d\xa6\x20\x13\x98"
	"\xe9\xee\x71\xa7\x9a\x55\x6d\xe4\xe0\x15\x0c\x1c\x72\x7e\x82\xb9"
	"\x7e\x2e\xb9\xcf\xe3\x11\xac\xec\x33\x58\x01\x2d\x55\x49\x40\x38"
	"\xb4\x29\x43\x96\x27\x3b\x08\x41\x31\x46\x86\x78\xc7\x8d\x03\x61"
	"\x62\x58\xd5\xd5\x38\x96\x45\xc9\x1c\xb8\xee\xe4\xa8\xa0\xa5\x54"
	"\xf5\x24\xad\x44\xeb\x66\x08\x3c\x53\xf4\xe9\x74\x05\xc0\xf0\x09"
	"\x57\x05\xe1\xd0\x29\xf1\x7d\x2b\x85\x13\x71\x1e\x61\x6d\x79\xc5"
	"\x7d\x6f\x79\xe4\xe1\xc7\x71\x3f\xb9\xab\x17\x49\x2b\xb8\xa9\xdf"
	"\x18\x89\x16\x10\x1e\x7f\x1b\x72\x40\xaa\x3a\x96\xfc\x3a\x33\x9f"
	"\xce\xe9\xdf\x18\x3c\xcf\x4f\x56\x4d\xc5\x8c\x11\x9c\xd6\xe0\x93"
	"\xd9\x5c\x83\x9d\xef\xd2\x6a\xac\x59\x3d\x0c\x75\x0e\x61\x42\xc7"
	"\xc6\x28\x87\x2c\x6e\x83\xba\xe8\x33\xd3\xc3\x4a\x16\x9f\xa3\x96"
	"\x2c\x9d\x78\x36\x56\xb4\xc6\x30\x7d\x84\x7f\x3f\xf7\x17\xf3\x4f"
	"\x10\x22\x54\x74\x2b\x93\xba\x10\x97\xf8\x4c\x60\xe9\x9b\xca\xe9"
	"\x42\xf0\x4c\x17\xad\x87\x80\x25\x2a\x4e\x14\x7f\x4d\xe0\xcf\x7c"
	"\xda\x29\x62\xa9\xa0\x19\x8f\xaf\x67\x8b\xe9\x49\x0d\xed\x4a\xa0"
	"\x1d\xc0\x13\x3d\x05\xae\xdf\x8b\x1a\xb1\xe4\xe1\xb7\xdb\xc3\xcb"
	"\xe1\xe9\xd6\xf6\xcf\xdb\x94\x89\x2e\x7d\x71\x48\xf2\x8f\x22\xc9"
	"\xc0\x29\xf2\xa8\x5d\x28\x0b\x6e\x04\x38\x86\x1b\x8a\x49\x2b\x1a"
	"\x87\x03\x6f\x4c\x7b\x15\x35\x6a\x53\xb6\xfe\x69\x91\xaa\x24\x13"
	"\x26\x1f\x7c\x7c\x88\xd4\x7d\x37\xea\xec\xbe\xc9\xa9\x74\x02\xac"
	"\x9a\xda\x36\x07\xa7\x6a\xa8\xd6\x9c\x6f\x3a\x40\xcc\x74\x61\xa9"
	"\x19\x8b\x0a\x5e\x38\xca\x9e\x20\x54\xd0\xbe\x9c\x7e\x06\xe8\x78"
	"\xef\x87\x40\xac\xb3\x45\x5f\xcb\xac\x57\x6a\x12\x71\xe0\x0c\x48"
	"\x16\x5e\xd7\x45\xe1\x7d\x04\xe8\x58\x25\x18\x9d\x9c\xeb\x27\xc1"
	"\x42\xe6\x85\x2f\xcb\xdd\x9a\x49\x6a\x3f\x06\x52\xa8\x10\x5b\x83"
	"\x2e\x60\xc8\x84\x99\xb8\x4a\x92\x10\x7d\x76\x85\x81\x05\xa1\x9d"
	"\x26\x2b\xba\x50\x2d\x70\xec\x79\x30\xa8\xae\xbf\x77\xd5\x88\xe2"
	"\x68\xae\x76\x5d\xc7\xa9\x38\xc0\xfc\x9a\x6b\x3a\x96\x2a\x59\x9c"
	"\xf9\x45\xa9\x0b\xb4\x42\xfd\xba\xd5\x16\x93\x5e\x5a\xfd\x82\xc7"
	"\x4f\x32\xac\x76\xeb\x92\xaf\xb4\xa8\x92\x14\x26\x8d\xbb\x33\xd5"
	"\xfd\xf4\xcb\xe6\x01\x58\xc0\x8b\x7e\x64\xa2\x32\xae\x55\x22\x8c"
	"\x65\x7e\xa9\xdf\x7f\xd6\xef\xa6\x1d\xb3\xac\x52\x9b\x70\xbc\xc4"
	"\xd6\x0b\x9d\xa1\x76\x9d\x50\x45\xc1\xe1\x89\xac\x52\x7b\xbd\xb7"
	"\xe7\x36\x58\xbd\x70\x34\x08\x0f\xf4\xed\x74\x02\xd9\x70\xeb\x85"
	"\xbd\x79\x34\xd9\xa9\xf7\x18\xcd\x93\xfd\x1e\xdf\x46\x90\x6b\x96"
	"\x5a\xfd\xdb\x86\xc6\x44\x20\x91\xee\x53\x4c\x03\x54\xd3\x37\x5e"
	"\xfa\x30\xdd\xf8\xe1\x43\xaa\x91\xec\xb3\x0b\xd4\x1a\xad\x2e\x10"
	"\xcb\x89\xb3\x21\xd7\x01\x4d\x03\x5e\xb9\xa1\xf9\xd8\x58\x05\xb0"
	"\x0a\x3c\xf0\x6e\xb3\x83\x35\xfa\x66\x53\x61\xe0\x8d\x4e\x99\x15"
	"\x81\xb3\x39\x09\x06\x0c\x5a\x8a\x97\x17\xb4\xba\x0b\x70\xa8\xbb"
	"\xde\x39\x78\x4f\x80\x53\xec\xd1\x0e\xea\x1b\x10\xea\x63\xcd\xaf"
	"\x91\xdc\x55\xe9\x3a\xa1\x52\x98\xf8\x10\x01\xab\x43\x1d\x66\x4b"
	"\x81\xea\x1c\x9f\x6b\x68\xab\x10\xb7\x43\xc0\x86\xb5\x15\xbc\x8e"
	"\xde\x46\xf5\xed\x10\x11\x13\xa5\x2d\xe2\xf5\x63\xac\x34\xc5\xc7"
	"\x67\xe0\xe1\x05\x46\x67\x8e\x1f\x2f\x60\x51\x95\x6f\x58\xf4\x72"
	"\xdd\x15\x5c\x97\x6e\xf6\xa0\x8b\xb9\xc7\xf4\x1d\x84\x6b\xd2\x28"
	"\xea\xae\x42\xba\xda\x5a\xeb\x2f\xe1\x18\x91\x75\xd6\x2f\xdf\x5d"
	"\x99\x9b\x77\x10\xd4\xed\x5e\xa7\x58\x1d\xdd\x5d\xa0\x9c\x86\x4a"
	"\x15\x3b\x2f\x4a\x32\x92\xc2\x91\x06\xbe\x4a\x03\xa7\x79\xce\x73"
	"\xc7\xb0\xf6\x87\x2e\xaa\x5f\xda\xef\xf0\xf9\xf6\xb7\xef\xfb\xd7"
	"\xc3\xed\xe4\x2f\x5d\x92\xf1\x72\x7c\xbe\xbb\xb7\x73\x17\x0d\x1d"
	"\xc4\xae\xea\xcb\xa9\xfd\xc6\x43\x57\x02\x83\xed\xc3\x4b\x51\xab"
	"\x6c\x0b\xf6\x5c\x82\x6f\x5d\xcc\xb3\x5f\x3d\x04\x11\xf8\x30\xa0"
	"\xfd\xa6\x48\xa5\xc7\xe6\xee\xaf\x64\xa1\x6f\x6e\x06\x5e\x5c\x54"
	"\x38\x85\x0a\x30\x06\x3b\x6b\xb0\xbb\x7b\x75\x30\xb8\x46\x16\xb9"
	"\xdf\x7c\x52\x63\xe0\x71\x51\x8d\xc9\xa2\x31\x70\x9d\xed\x75\xe2"
	"\xc0\xc2\x27\xc0\x61\xa1\x72\xc1\xf8\x50\x66\x70\x9a\x42\x3f\x60"
	"\x8e\xc1\x33\x32\x9d\x17\xcf\xbe\xa9\xc3\x17\x6f\xc2\x17\x0c\x16"
	"\xfa\xd2\xbe\x03\xab\xdf\xc2\x79\xc2\xb2\xe3\x46\x73\xe7\x0b\x19"
	"\x3d\x14\x8c\x2e\xa3\x9c\xc9\xeb\x51\x2c\xbc\x61\x0b\x46\x31\xc0"
	"\x4f\xe2\x52\xc6\x43\xf7\x81\xea\xb1\x6a\x95\xd2\x57\xc7\x77\x3e"
	"\xf0\xb2\x6f\xe7\xc9\xee\x4c\xaa\x67\x92\x0c\x1f\x92\xd3\xd4\xbf"
	"\x1e\xee\x59\x8a\x4b\x5b\x36\xd8\x96\x5c\x76\x09\xe2\xba\xf0\x8c"
	"\xc4\x03\x84\xe0\x18\x55\x77\x12\xa9\xf2\xf3\x2d\x1b\xe4\x04\x63"
	"\x35\x47\x5c\x3d\xb2\xd5\xd9\xf8\xfd\xf1\xed\x1e\xfd\xfb\x89\xfc"
	"\xe7\xc5\xbc\x38\x52\x8f\x3f\x54\x17\x12\x6c\x31\x43\x65\x29\x38"
	"\xf1\x79\x9e\xb6\x38\xee\xa4\x00\xbb\xfa\x00\x83\x8b\xf0\x23\x1a"
	"\x09\x18\xd7\x8f\x70\x24\xc9\xd9\x07\x38\x09\xf1\xdd\x18\x35\x5c"
	"\x04\x5c\xb4\x18\xdd\x0f\x1f\x04\x4c\x6c\x94\x27\xea\x26\xce\x52"
	"\x98\xaa\x28\xbc\x71\x1e\xf0\xeb\x02\x39\x13\xe5\xd5\xd9\xea\x03"
	"\x6e\x0b\xa0\xa7\x12\x25\xe3\xe3\xc6\x41\xf2\x01\x21\x11\x7d\x24"
	"\x98\x22\x06\x0b\xf0\xd1\x3a\x89\xe2\xa3\xb5\xde\x40\x70\x49\x46"
	"\x25\x4c\x43\xe6\x96\x2f\x7e\x74\x67\x75\xf6\x01\x7d\x63\x3f\x0e"
	"\x8e\xa0\x2c\x51\xef\x0e\x0a\xb7\x41\x72\x59\x95\xf8\xea\xcf\xe0"
	"\xf0\xf6\x95\xbe\xa1\xf0\x8c\xeb\x32\x93\x94\x73\xc3\xbc\xd5\xad"
	"\x01\x44\x56\xea\xa6\xb1\x07\xf1\x43\x33\xaf\x1e\x5e\x96\xb5\x09"
	"\xe8\x3d\x4e\x6f\xbe\x52\x51\xd1\x1a\xf9\x64\x91\x26\xda\xeb\x89"
	"\xbc\x8d\xf4\xaa\xc7\xfc\x72\x73\xf7\xef\xe6\x23\x47\x30\xf9\xe1"
	"\x49\x18\xc0\xcd\xb5\x67\xc6\x19\x75\xb3\x67\x4e\xcf\x73\x4c\xaf"
	"\xf9\x7c\x56\x6a\x94\x85\x81\x06\x6b\xd3\x23\x32\x96\xaa\x13\x70"
	"\xb8\x72\x47\xdf\x7b\x97\x79\xb2\x33\x9f\xea\xe2\x0b\x55\xd5\x19"
	"\x2c\x10\xdf\xa5\x26\x6b\xfa\x15\xd3\x00\x50\x29\xc1\x00\xac\x7e"
	"\x68\x5a\xaa\xaf\x38\x05\x0a\xad\x73\x59\x37\x0c\xe9\x76\xce\x77"
	"\xee\xae\xbd\x76\xcd\x6e\x96\xe3\xe7\x4c\x76\xee\x0a\x9c\x14\x79"
	"\x55\xb7\xa9\x59\x86\x91\x01\xd6\x56\x60\x54\x5e\xa7\xf6\x7b\xae"
	"\x9c\xae\x36\x2f\x77\x39\xde\x1a\x5b\x17\xa2\xd1\x06\x2b\x76\x03"
	"\x2c\xfe\x08\xf0\xa2\x48\xb5\xba\xcf\x7e\x03\x15\xc2\x74\xf4\x3c"
	"\x3f\x89\x5d\xa7\xa4\x3e\x87\x2d\x94\xdb\xfd\x69\x54\xc1\xfd\xcf"
	"\xa2\x63\x21\xdb\x67\x71\xab\x24\xec\x87\xe8\xf8\x12\xcf\xbf\x2e"
	"\x77\x18\xcb\x81\x88\x35\xe4\x43\xbe\xf1\x4b\x0e\xc9\xe7\x59\x09"
	"\x28\xf7\x8a\x70\xfe\xd9\x0e\xc5\x7f\x19\xbb\xb6\xe6\x46\x6e\x5c"
	"\xfd\x57\x54\x79\x38\x95\x54\x6d\x2a\xb6\x64\x6b\xac\xad\xca\x03"
	"\xfb\x26\xf5\xb8\x6f\x6e\xb6\x64\x39\x2f\x5d\x8e\xc7\xd9\x71\xed"
	"\x64\x66\x8e\x2d\xef\x26\xe7\xd7\x1f\x80\xec\x0b\xc9\x06\xd8\x4a"
	"\xd5\x64\x46\x04\x9a\xcd\xe6\x15\x00\x81\x0f\x32\x38\xbb\x07\x4b"
	"\x8c\xd3\x93\x14\x3b\xd5\x7f\xfb\x9e\x91\x99\x42\xa8\x90\xce\xbe"
	"\x59\xe0\xd5\x35\xcc\x87\x24\x3d\x12\xef\x1b\x2f\xed\xd5\xee\x1b"
	"\xff\xf5\xfc\xf4\x7e\x42\x27\x0d\x85\x55\xb8\x50\x21\xc1\x27\x63"
	"\x1f\x0e\xd2\x22\xc9\xd1\x05\x2a\x99\xe8\x53\x14\x09\x7e\xb8\xa1"
	"\xcc\x2a\xf8\x0e\xad\x4a\xc3\xc6\x88\x0a\x68\x07\x27\x43\x1d\x1c"
	"\xba\x5a\x19\xd6\x69\x65\x4b\x74\x9a\x90\xa7\x92\xba\x97\xc7\xd7"
	"\x74\xb6\x2b\xf5\x65\xf9\xf3\x9f\xdf\x5e\xff\x36\x6e\x9e\x09\xcf"
	"\x06\xd2\x47\x70\xbc\xfc\xe8\x1c\x04\x73\x51\xec\x49\x91\x6f\xf4"
	"\x41\xd4\x2c\x2e\xd0\x98\x15\xc5\xa8\x95\x77\xfd\xaa\x4a\x81\xa7"
	"\x35\x04\x3f\xfa\xb3\xd4\xb1\xa9\xa1\x8e\xa4\x83\xbe\xa8\x99\x38"
	"\x2c\x4e\x38\xa6\x2f\x75\xd4\x82\xa2\x54\xce\x35\x56\xfb\xba\xa6"
	"\x99\xa8\x4b\xa3\x48\x65\x39\xba\x92\x3d\xa1\x7c\x05\x1b\x7d\xe6"
	"\xa3\x17\xed\x95\x35\x59\x1c\x85\x9c\x80\x96\xab\x76\x0f\x52\x3b"
	"\xb1\x35\x43\xfc\xf1\x28\xcf\xc8\xdc\x73\xce\xaa\x4e\x01\xa9\x4f"
	"\x3d\xfe\xeb\x6a\xf9\x61\x7d\x43\x1f\x6d\xdd\x67\x24\x22\xcd\xf6"
	"\xf6\x1c\xb5\x29\x8c\x6a\x36\xb5\xdb\xd0\xc2\x51\x16\x83\x80\x8e"
	"\x4e\x9c\xf4\x95\x5a\x5d\x16\x0d\xe2\xf8\x90\x4e\x4d\xc2\xf6\x64"
	"\x12\xac\x77\x09\xd2\xa0\x31\x42\x62\x50\xf3\x18\xa2\x5b\x95\xcc"
	"\x9d\xe0\x6f\xc1\x9e\x52\x7a\x7f\x93\x79\xef\xa0\x3b\xfa\xb4\x74"
	"\xf1\xb6\xb9\x3e\xfe\xe8\xea\xba\xe7\xd4\x5d\x02\x19\xd0\x2f\xd0"
	"\x5a\xfc\x1b\xcc\xf5\x7d\xbd\xc5\x43\x34\x11\xca\xc0\x69\x62\x5c"
	"\xe6\x7d\xd4\x3f\x53\x49\x6f\xaa\x57\x61\xc1\x20\xe3\xc0\xc2\x30"
	"\x27\xb7\x46\x63\x8a\x5b\x81\xe7\xb5\xb2\x43\xd4\x71\x98\x89\x34"
	"\x77\x64\xb5\xb8\xae\x6d\xeb\xb2\xc2\x74\x21\x3f\x4b\x5f\x0a\x20"
	"\x4b\x6f\x38\x24\xb7\x50\x81\x40\x7f\xbd\xc1\xd6\x44\x44\x40\x93"
	"\xa2\xc2\x5c\xe3\xec\x92\x83\x87\x00\x48\x46\xf7\xfd\xb4\xbb\xc5"
	"\x88\x73\x5b\x6c\x40\x58\x20\xd0\x13\x77\xb9\xa8\x59\x6c\x2a\x14"
	"\x3d\xaa\xce\x95\xd3\x02\x06\xe8\x81\xe1\xc6\xee\x18\xa7\x79\x12"
	"\x81\x6c\x88\xd8\x20\x18\xa3\x6f\x90\x0a\xcb\xe1\x44\x6f\xf0\x50"
	"\x86\x60\xaa\x18\x67\x2b\xbb\x78\x02\x03\xf7\x07\x3a\xa7\xb6\x6e"
	"\x7d\xb0\x30\xee\xcb\xd4\x1e\x5c\x3c\x9f\x30\x2a\x07\x1d\x0d\x26"
	"\x9b\x2f\x74\xc2\xad\x0d\xb3\xa4\x4b\x40\xcb\x12\x54\xaf\xa3\x16"
	"\x66\x49\xb4\xc7\xee\xe6\xd9\xd2\xd3\x26\x4f\x8f\xeb\x37\xa3\x06"
	"\xe5\x98\xd4\x46\x27\xe0\x2f\x15\x87\xef\x14\x75\x28\x35\x66\xd1"
	"\x70\xb7\x6e\xb6\x40\x51\x40\xf3\xc4\x7b\xa5\x94\x34\x37\x28\x0e"
	"\xbd\xfd\xc5\x4e\x8d\xea\x56\x4e\x36\x96\x4b\xaa\x7e\x55\xd5\x79"
	"\x5b\x1b\xfd\x7c\x1b\x5b\xa1\xf9\x5d\x51\x5f\x33\xf5\xe2\xa8\x52"
	"\xd0\x51\xb1\x8d\xe2\x61\x14\x73\x1d\x9f\x5a\x53\x23\xad\xb4\x37"
	"\x96\x8d\x52\x09\xa5\xbd\x5d\xa2\x05\x85\xa4\xb1\x67\x73\x8a\xf7"
	"\x26\x01\x1a\xb7\x62\x76\x75\xf4\xf5\xa2\x97\x97\xda\x7e\xa4\x53"
	"\x83\xaa\xb6\xe3\x11\x36\x9a\x98\xcb\x04\xa2\x7b\x50\x9a\x1e\xad"
	"\x40\xa9\x8a\xca\xfd\xdd\x46\xbb\xb0\x72\xde\x82\xc5\x78\x34\xd2"
	"\xee\x10\x1d\x43\x2d\x6a\x9a\xae\x96\x45\x45\xba\x7c\x6a\xd2\x16"
	"\x45\xa1\x38\xdf\x1f\x9d\xa5\x54\x21\xd0\x55\x61\x8b\x1f\xc3\x13"
	"\x5c\x53\x72\xf5\xb5\x24\x42\x12\x28\x05\x65\x79\x9b\x4e\x96\x6c"
	"\x75\x68\x52\xbb\x68\x1f\x71\xef\x4e\xca\x3d\xfb\x91\x40\x1b\x1b"
	"\x2d\x99\x49\xd3\x8a\x9d\x89\xb1\x85\xbb\x83\xb4\xfb\xbb\x2b\x43"
	"\xf4\x1d\xc6\x28\x9b\xea\x66\xdb\x0b\x40\x15\xea\x33\x0a\x11\xa6"
	"\xf6\x75\xd0\x76\x4e\xfc\x6b\x8b\x45\xad\x9e\xe1\xe3\xac\x87\xa9"
	"\x42\xbd\x36\xd1\x2f\x45\x9f\xf5\x36\x28\x88\xc3\xe1\xaf\x20\x88"
	"\x63\xf7\x59\x5c\x5d\x6e\x2b\xc2\x8a\x2a\xc6\x21\xe9\x8a\xed\xae"
	"\xaa\xc5\xbd\x6f\x91\x2a\x1a\x4c\x2f\xbc\x2b\xb4\x76\x07\x7c\x0f"
	"\xfc\x73\x3b\xac\x51\x0a\xf6\xb3\xe7\x09\xf7\x81\x79\xa7\xd4\x0b"
	"\x59\x3d\xfd\xd7\x1f\x9e\xde\x7f\x7f\x79\xfa\xc1\xae\x3d\x8f\xae"
	"\x1d\xb3\xf7\x30\x4d\x0f\x6b\x73\xdd\x1d\xd6\xdd\xfe\x80\x32\x70"
	"\x42\x51\x14\x86\xb6\x43\xd0\xf0\x65\xb8\x37\xb6\x91\x88\xec\xee"
	"\x5a\x4f\xa6\xd9\x9a\x9a\x67\xeb\x33\x26\xda\x7a\x3a\xd3\xf0\xed"
	"\x79\x5a\xad\xed\x6d\x02\x0a\xd3\x4c\xb0\xb5\xb0\xf3\x6e\xcd\x94"
	"\xce\xce\xbc\xf5\xcc\xd4\x5b\x4f\xe7\x9e\xf3\xf5\x23\x5d\xf5\x72"
	"\x07\x08\xc7\xb9\x40\xa9\x4f\xb4\xf6\x0a\x55\x22\x6d\xb1\xbc\x2f"
	"\x6b\xd7\x75\xc4\x55\x52\x44\xa0\xae\x81\xc2\x11\xc5\xcd\x43\x15"
	"\x3b\xf5\x4d\x37\x1e\x55\xec\xec\x79\xd6\x58\x4c\xce\x08\xab\x2d"
	"\xfb\x00\x6f\x45\xe4\xa4\xc6\xe9\x56\xe9\x7c\x44\xbc\x5d\xb7\xd9"
	"\xbd\x6e\xcf\x0c\x1b\xc8\x64\x21\xb7\x31\x4e\xac\xc3\x23\x09\x3d"
	"\xf8\xd1\x8d\x00\x25\x3a\x7b\x0b\xae\x9a\x0a\xef\xce\xa5\x4c\x13"
	"\xf7\x50\x57\x0f\x81\x6a\xa4\x5d\x7c\x1b\x91\x57\xb4\x48\x0a\xac"
	"\xae\x67\xc2\x50\x44\xde\x18\x04\x75\x1a\x6d\xe3\x91\x69\xe2\x85"
	"\xa4\x02\xd5\x41\x7e\xfb\xe3\x05\x03\xad\xb9\xbc\x04\xe3\x4b\x28"
	"\x69\xb0\x23\x75\x62\x24\x45\x4a\x44\x9e\x82\x68\xaf\x5b\xe3\x61"
	"\x80\x03\xd7\xe9\x19\xbb\x6e\x0e\xcc\x78\xca\xa8\xcc\x82\x9e\x56"
	"\x22\xca\xac\xff\x55\xa5\xa4\xa0\xe2\x0a\xc4\xfd\x2b\x0a\xa5\x36"
	"\x18\xd5\x27\x1a\xe1\x76\x82\xb4\xdd\x11\xa0\xce\x28\x3e\x78\x1b"
	"\x8e\xb5\xf6\xf0\xd5\xc4\xbb\x5a\x67\x3e\x99\xa4\x71\xb6\x99\xef"
	"\x1d\xe9\x78\x37\x47\x1b\x92\x2c\x36\x54\x27\x48\xf7\x4f\x8b\x6b"
	"\x8a\x10\x67\x91\x71\x02\x3b\x61\x6c\x3c\xa3\x9a\xe9\xf3\xac\x6a"
	"\xb5\x71\x0d\x6b\xb4\x8f\x6c\x1b\x85\x61\x65\xf7\x4f\x4f\xd9\x9a"
	"\xc6\x5f\x93\x20\xc3\x86\x79\x04\x8e\xe6\x2c\x6d\x62\xa6\xbf\x05"
	"\x7a\x76\x0b\x86\x98\xb8\x75\x0e\x94\xdd\x6a\xb9\x62\x48\x69\x1d"
	"\x32\x14\x02\x2a\xde\xa2\xc3\x04\x0a\xd2\xd2\x05\x79\xb5\xa7\x47"
	"\x91\x57\x73\xa3\x5a\x55\x6c\xb3\xa5\xb0\x83\x90\x6d\x62\x3a\x5b"
	"\x75\x93\x4c\x7b\x79\xdc\x2a\x3c\x0b\x70\x9b\xed\x11\xe1\x96\xae"
	"\xbf\x10\x76\x8f\x14\x4a\x8f\x8d\x2d\xcc\xc4\xae\x98\x99\x1f\x23"
	"\x89\x1a\xed\x91\x3a\x99\x25\x48\x22\xa6\x00\x16\x27\x04\xab\x3b"
	"\xb6\x58\xd6\x50\x8c\x18\x57\x0a\xaa\x7c\xe3\x74\xb6\x3e\x01\xbd"
	"\x7b\xc7\x71\x38\x25\xd5\x9e\x7e\x54\x86\xde\xb7\xc5\xd3\xb7\x3f"
	"\x7f\x7f\xf9\xfa\xfc\x69\xf1\xe7\x37\xbc\x76\x7b\xa3\xf6\xf3\x63"
	"\xd3\x4e\x4e\xaa\x91\x84\xa3\xd8\x91\xad\x9a\x4f\x8f\xaf\xff\x7a"
	"\x3e\x59\xce\xa9\xd6\x73\x8d\xa8\xb7\xa8\x18\x60\x32\x0c\xee\x0c"
	"\x9d\x70\x2b\xb7\x79\xb9\xcf\x67\x3e\x75\x60\x1f\x8f\x52\x1f\xd7"
	"\xf8\x05\x33\x5c\xd4\x99\x3d\x65\x6c\xfc\xf4\x48\x86\xcc\x09\x36"
	"\xf2\xec\xb2\xb3\xbb\x84\xb3\x0b\x51\xbc\x68\xd3\x52\x78\xb1\xfe"
	"\x16\xaa\xdc\x1e\x06\xab\xf7\xfd\x19\xa9\x43\x90\x9c\xe5\xd6\xff"
	"\x5e\x4f\xdf\xda\x6b\x99\x78\xb6\x40\xb0\xe0\x6a\x86\x27\x99\x6d"
	"\x42\x91\xb0\x52\x81\xc1\x54\xf6\x67\xbb\xb7\x67\xd0\xfc\x42\xbb"
	"\x53\x93\xdc\xe3\xd2\xf6\x70\x35\xf1\x4c\xdb\xd0\xa3\xfa\x38\x33"
	"\xe1\x1d\xa4\x66\x8a\xe5\xac\x99\x0e\xea\x5e\x2e\xe5\x5c\x37\x00"
	"\x17\xa8\x18\xe8\xc8\x36\x05\xfd\xea\x37\x8b\x3f\x1f\x4f\x4f\x9f"
	"\x9f\xf9\xcd\x22\xc7\x0c\x3a\xca\xa8\x8f\xaa\xc3\x5c\x8f\x6a\x6e"
	"\x07\x4b\x9d\xe0\x98\x02\xdf\x7b\xb9\xb3\xbd\x6c\x48\x97\x23\x8a"
	"\x19\xc4\x3c\x7d\xad\xe3\xad\x12\xf6\x94\xe0\xa1\xe1\x24\x2f\xfa"
	"\x01\x8f\x62\x41\xb2\xab\xb8\xd6\xbf\x67\xb8\x3c\x83\x3d\x32\xf9"
	"\x67\x7d\xc7\x57\xed\xcf\xfd\x18\x3c\x6e\xcf\xe6\x8d\x0f\x1c\x3a"
	"\x3c\xc5\x2d\xc3\xca\xfb\x35\x71\x58\xf8\xe9\xd2\xff\x3c\xc6\xb5"
	"\xcc\x77\xac\x8e\xaf\xf6\xb3\x64\x33\xfd\xa9\xcd\x10\xe7\x7d\x76"
	"\x5a\xd5\xa2\xd8\xc6\x33\x35\x66\xcb\xe6\xcc\xfa\xb2\xb8\xd8\x36"
	"\x3b\x6f\xfb\xe7\x3b\x01\x54\xe4\x19\xfa\xcc\xcc\xd3\x7a\xbe\xb6"
	"\x83\xf8\xbe\xab\x48\x5c\xcd\xcf\xc7\xcd\xa8\x6e\x04\xa3\xed\xa9"
	"\x42\x70\x68\x0b\xbf\x9f\xe5\xb6\xb1\x6d\x1e\x04\xcf\xdd\xbe\x34"
	"\x53\x38\x70\x1c\xcb\x33\x58\x78\xcd\x75\x60\x24\x0e\x27\x2f\x7b"
	"\x2c\xb2\xfc\x7c\xe6\x30\x2e\xce\xae\x1a\x85\xe7\xf3\x86\x42\xdf"
	"\x4e\x78\xbf\x5f\x85\x6b\xcf\x72\x28\xfb\xe1\x0c\x57\xed\xe4\x77"
	"\x22\x98\xf4\xf9\x77\x5e\xdb\x6d\x5f\x73\x82\x61\xbf\x5a\x3a\x17"
	"\x10\x32\x6e\x38\x7b\xff\x61\x1a\x2b\x96\x56\xff\x3c\xc3\x48\x93"
	"\xa0\x15\xb7\x16\xca\x88\x75\x65\xa9\x17\xba\x73\xa7\xe5\x5a\xa0"
	"\x98\x96\x47\xe8\x6b\xa6\x0b\x5d\x53\x86\x73\x27\x62\x13\x27\x15"
	"\xd5\xf1\x47\x74\xbd\x98\x94\x2b\xc5\x88\x2a\xcc\x85\x04\x21\xad"
	"\x16\x18\xd6\x4a\xd1\x69\x95\x5e\x51\x2a\x42\xa7\xb2\x75\x6e\xe8"
	"\x5c\x28\x4f\xab\xa9\x51\x11\xcb\x3b\x39\x64\x47\x97\x5b\xa7\x8a"
	"\x49\xa8\x2b\xd7\x24\x67\x52\x1b\x33\xd5\x86\x26\xd0\xec\x83\xa4"
	"\xf8\xd1\x51\x01\x2d\xb2\x7c\x28\xd4\x90\xd1\xd7\x62\xae\x5e\x6c"
	"\x3d\x3a\xf6\x2c\xc3\xe0\x4a\xd9\x4e\xbb\x5c\x09\xb6\xff\xca\x62"
	"\x6b\x27\x8a\xb3\x1e\xeb\xe4\xaa\x94\xbd\x67\x1b\x59\xa1\x83\xe7"
	"\x99\xa0\x3b\xd9\x4f\xaf\xc5\xbd\xdb\x3a\x90\x74\xf7\xe8\xba\xee"
	"\x96\xc3\x24\xa6\xe7\x80\xe0\x46\x13\x08\xe3\xb7\x76\x6b\xf2\x3f"
	"\xeb\xf3\x56\xe5\xb8\xfa\xd6\xcc\xea\x5b\x53\xab\x6f\xcd\xac\xa4"
	"\xf5\xc4\xee\xd8\x15\x9a\x4b\xb5\x5b\x60\x6b\xb2\xb7\xd6\xce\x32"
	"\x30\xfa\x7a\x6d\xae\x04\x66\x3c\x0c\x9e\x78\x9f\x32\x31\xc7\x16"
	"\x1b\xee\x4a\xf3\x5c\xa8\x49\xcc\x73\xed\xb2\x79\x1e\xfc\x72\xed"
	"\x79\x36\xcf\x9b\xef\xf8\x3e\x9a\xac\x70\xba\x8a\xba\x99\x7f\x8d"
	"\xac\xbd\xdd\x49\xda\x06\x6c\x96\xe9\xc4\x5c\xcf\x6c\x1c\xeb\x73"
	"\x77\x8e\xb5\xb5\x94\xed\x62\xbd\xac\xdc\x5a\xfb\x95\xe5\xfb\xa6"
	"\x42\x30\xc6\xbb\xf1\x98\x32\xe6\x72\x7f\x55\x91\xb4\x71\xe0\x2e"
	"\xce\x8e\x06\x04\x34\x88\xee\x9b\x98\xb8\xe3\x40\x62\xd3\x4e\xaf"
	"\x39\x68\x3e\xa7\x6d\x14\xd3\xcd\xc5\xb2\x5d\xcd\x31\x89\xbc\xe4"
	"\x02\x5a\x0c\x26\xc6\x8f\xc0\x60\x49\xcf\xe0\x58\xcf\xb1\x28\x81"
	"\x7d\x8e\xc9\x35\x29\x51\x3c\x9d\x48\x3b\xc7\x26\x9b\xd9\x56\x1f"
	"\x32\x51\x9c\xd1\x3d\x75\x5c\x65\x0f\x73\x7c\xd1\x19\x83\x86\x5f"
	"\xd7\xce\x72\xf5\xa7\xd9\xec\x07\x9e\xf1\x46\xd8\x80\xe7\x58\x94"
	"\x6d\x8a\x66\xaa\x3c\x13\x16\x4e\x1e\x57\x8d\x36\x04\x48\x6d\x96"
	"\x36\x20\x4f\x1b\x60\x0f\xb6\x6d\x19\x7c\x0c\x8b\x86\x04\x4a\x6d"
	"\x46\xdf\x5c\xed\x37\xa2\x2e\x39\xf1\x56\x7f\x5a\x13\xc1\x87\x70"
	"\x16\x4c\x96\x37\xe6\x09\x26\xb4\x58\xf1\xcf\xb5\xc0\xf7\x66\xd3"
	"\x1b\x42\xbf\xdc\xf1\xa3\xa8\x99\x24\x82\x0d\x97\x68\x5a\x34\x94"
	"\xdd\x19\xd5\x69\x23\xc8\x01\x7e\xb5\x87\x95\x53\x90\xba\x1c\xb1"
	"\xa9\x56\x4b\xb3\x02\xf7\xfe\xb3\x9b\x22\xe9\x36\x87\xf1\xc4\x28"
	"\x93\x69\xe4\xb1\xf2\xf7\x90\xc2\x75\xda\x81\x22\xf2\x33\x70\xb9"
	"\xe1\xc6\x75\x49\x65\x95\xca\x32\xcb\xff\x13\x7e\x2e\xb9\xd0\xae"
	"\x8c\xde\x22\x8e\x4b\x3a\x0f\x45\x26\x2a\x06\xf1\x7e\x07\x33\x80"
	"\x5e\x42\xeb\xac\xbc\xaf\x98\xcd\x21\x8d\xe3\x18\xbf\xe2\xfa\x8a"
	"\x71\xb1\xea\xc3\x60\x94\x24\x76\xf7\xfe\xfc\xfe\xfc\xf2\xf5\x5f"
	"\xbf\x74\x01\x46\x56\x24\x6b\xc7\xdd\xee\x9a\xc0\xed\x44\x55\x9c"
	"\x90\x5e\xe6\x3d\x19\xe3\x47\xec\x5b\x7c\xd9\x5b\x2d\xee\xa8\xea"
	"\x6a\x26\x08\xb2\xa7\xcb\x24\x98\xa1\xdf\x79\xe9\x4d\x7c\x97\x79"
	"\x9a\xdb\x04\x09\xd5\xaa\x30\x90\xde\x5a\x41\x61\xf5\xd2\xb7\x35"
	"\x77\x0f\xa0\xc8\xf0\x77\x9c\x53\xef\x8d\xea\xda\x5b\x6f\x7e\x87"
	"\xfd\xeb\xef\x90\xdb\x60\x96\x27\xdc\x95\xb7\xb1\x97\xe3\x6e\xa6"
	"\x5b\x43\x8c\x09\xf0\x72\x24\x77\x67\x30\x85\x62\xa6\x1d\x33\xcd"
	"\xd8\xed\xfc\xe3\x50\xa5\xb1\x67\x18\x46\xd7\x8c\xe9\x83\x19\x83"
	"\x91\x35\x8c\xd4\x14\xa1\x49\xdb\xeb\xbf\x3c\xbe\xbd\xbd\xfc\xf1"
	"\xf2\x34\x75\x08\x01\xdd\x6e\xf2\x2e\x28\xc2\x48\xef\x94\x75\x9c"
	"\x51\x1c\x4a\x82\xe3\x56\x36\x32\x24\xf7\xf6\x9a\xc3\x32\xc7\x84"
	"\xd2\x15\xb1\x29\x57\x3b\xf2\xd4\x0b\x47\xd5\x0f\x5b\x0f\xd5\xf4"
	"\xd0\x63\x86\xd6\xdf\x36\xb9\x76\x18\xea\xe3\x2e\x0f\x14\x83\x52"
	"\x01\xac\xe8\x79\xe5\x12\xa9\x8a\xa9\xb2\x0e\x8c\x60\xb5\x24\x48"
	"\xa1\xeb\x23\xdc\x95\xab\xcb\x06\x92\xa2\xbb\x6e\x5a\x9e\xc7\x8e"
	"\x4d\xb2\x27\x74\x29\xb4\xac\xef\xec\xdf\x2e\x8a\x94\xdf\xe2\xe2"
	"\x5e\xfd\x6a\x3c\x9d\x21\x9c\x7b\x30\x2c\xd0\x76\xd6\x78\x5a\xbe"
	"\x15\xb6\x52\xb3\x15\xda\x49\x23\x60\x5e\x80\xe4\x3c\xc5\x48\x00"
	"\xf7\x03\x90\x22\x45\x5e\x65\xfc\x12\x15\x4a\xc1\x6e\xbc\x74\x4e"
	"\x22\x1c\x3e\x24\xf6\xdc\x79\xeb\x46\xa4\x9c\xcd\x5f\x93\x6f\x03"
	"\xac\x82\x6a\x7e\xe8\xdc\x8e\x4f\x18\x5c\x69\xdb\x21\x13\xd3\x57"
	"\x55\xdb\xdd\x11\xf9\x5b\x7d\x1b\xe4\x65\xe4\xef\xba\xc4\xdf\xb5"
	"\xda\xed\x0e\x1d\xd8\xbd\xdb\x43\x5a\xf8\x0e\x9b\x24\x4d\x2c\x04"
	"\x9b\x28\xa4\x4f\xd4\xa8\xc0\xc0\x08\x59\x66\x07\x4e\x1d\x04\x91"
	"\x4f\xa8\x38\x7b\x3a\x4a\xbe\x8a\x8b\x83\xce\x66\x42\x4b\x5a\x9d"
	"\x3b\x3d\xeb\x22\x88\x2e\x2c\x6c\x94\x02\x4c\x43\xfe\x48\x2e\x24"
	"\xfd\xca\x9d\xf4\x1c\xa7\xaa\xa5\x8e\x93\x99\xc5\x91\xad\xd0\x04"
	"\x88\x66\x69\xda\x15\xed\xae\x6e\x0c\xe3\x02\xfe\x52\x10\xb9\xfb"
	"\xaa\xcd\xe5\x88\xd9\xa1\xca\x65\x6e\xad\x2e\x55\x06\x83\xcb\x54"
	"\xda\xe6\xbb\x74\xc2\xbe\x97\xf4\xb0\x29\x22\x8e\x31\xdf\x3b\xa1"
	"\x9d\x18\xa7\x97\xf8\xcd\xf4\xeb\x75\x22\x15\xc4\x96\xb1\xe1\x1e"
	"\x2b\x49\x64\xdf\x56\x7e\x99\x9c\x7c\x61\xf0\x68\x67\x13\x6e\x5e"
	"\xd6\x98\xd4\x5e\x3e\xb4\x76\x3a\xdf\xe0\x2e\x9b\x24\xaa\x75\xf3"
	"\xca\xca\xa6\x8e\x45\xce\x03\x5e\x28\x27\x7c\x0c\x21\x72\xee\xe2"
	"\xd4\xe4\x3b\xb4\x45\x96\x77\xbe\x61\x66\x1c\xce\xe2\xf4\xfc\x76"
	"\xd2\x42\xb0\xd5\x73\xa0\xd5\x6f\xe3\x82\xed\xd8\xa8\x2e\x61\xac"
	"\xcb\x22\x75\xb0\xed\x0d\x1c\xfc\xbc\x16\x51\x4a\x01\x77\x86\x26"
	"\xf6\x3a\xfc\xb0\x8d\xb1\x58\x10\x58\x08\x7d\x50\xb0\xbd\x1f\x20"
	"\x4b\x61\xd3\x8a\x9e\xff\xf3\xf2\x64\x62\x6d\x8e\xa3\x00\xbc\x87"
	"\x90\x51\x14\x14\xf1\xe8\xa3\xca\x2c\x24\xf7\x44\xa4\xc1\x42\xb0"
	"\xdb\x14\x8a\x2c\x44\x94\x22\x74\x9a\x76\x80\xaf\xb0\xc5\xb5\xef"
	"\x45\x3a\x5f\x95\x8f\x03\xb3\x6e\x7a\xa8\xe1\x87\x0f\x17\x2c\x35"
	"\x45\xe0\x2d\x51\x24\x11\xcb\x91\x7b\x6b\xaf\x62\x71\xab\x92\x43"
	"\x79\x6a\x90\x1f\x85\x9b\x18\xc4\xa6\x97\x89\x9b\xce\x61\x18\x3f"
	"\x59\xc1\xa2\xc4\x8c\xc2\x7f\x3c\x3e\x3d\x4f\xc6\x6f\x97\xae\x2e"
	"\x2f\x8f\x7c\xd3\xc3\x6a\x79\x7d\x79\x64\x46\x49\x51\x8f\xc7\x24"
	"\x32\xe7\x8b\xda\x3f\xd8\xf7\xdd\x20\xe0\x0c\xb7\xc5\x20\x43\x9c"
	"\x4b\x3f\x5d\x46\x48\x5f\xb2\x0c\x5b\xff\xf3\xb7\x07\x81\x50\x7b"
	"\x3e\x96\x3c\x0c\x84\x97\x41\x0d\x99\x8f\x61\xef\x1b\x70\x9d\x99"
	"\x05\xfa\x01\xc4\x2a\x32\xfc\xda\x44\xeb\x40\xb3\x6a\x1c\x59\x06"
	"\x6e\xb4\x92\x25\xe8\xe9\x42\x1f\x9e\xf0\x44\x11\x57\x1c\x6d\x97"
	"\x46\x24\x1e\x3e\x50\xa4\xf5\x5a\xfb\xea\x48\x15\x30\x96\x1b\xb4"
	"\xc6\x11\x18\x96\x3a\x4b\xc1\x97\xf7\xe7\xd3\xb7\x6f\xa7\xcf\x8b"
	"\x4f\x7a\x1b\x21\xe0\x8e\xf1\xdd\x61\x1a\x34\x5c\x87\xf6\x74\x19"
	"\x31\xa7\x81\x66\xd8\x0b\xc6\xd8\xdf\x3d\x1f\xe6\xcb\x8b\xd5\xd1"
	"\xc7\x51\xc1\x22\xf3\x32\x24\xfe\x26\x1e\x76\x61\xca\x91\xf3\xfa"
	"\x90\x91\x38\x3b\x39\x52\x15\xac\xb5\xd9\xfd\x09\x02\xee\xdb\x71"
	"\xb4\x43\x61\x7b\x1f\x16\xab\xcd\xe6\x82\x1e\x46\xc5\x71\x17\x8a"
	"\xf5\x6a\x63\xa5\x1d\x12\x09\x1c\x86\x35\x67\x63\x4b\xda\xdb\x90"
	"\x32\xb3\x61\xd4\x60\xbd\xb7\x2c\xfe\xf7\x69\x1d\x67\x56\xa0\x41"
	"\x5f\xd2\x6a\xe5\xa4\x2f\x8d\x95\x9b\xaa\x79\x1f\xac\x8a\xd0\x99"
	"\xdd\x29\x92\xd5\xc3\x84\x29\x35\x0f\x80\x64\x8b\x36\x27\x03\x4f"
	"\xa5\xc8\x54\x41\x8b\x93\x0e\x63\x6a\x6c\x24\x44\xcd\x8d\x4b\x2c"
	"\xce\x40\x5a\x44\x71\xa9\x2e\x60\x7f\xa4\xe7\xef\xc0\x1f\xc6\x08"
	"\x37\xda\xe5\xf0\x6e\xcb\x82\xcc\x53\x39\x70\x23\xa0\x17\x7c\x38"
	"\xa2\x8d\x21\x76\x66\x1d\x6f\xa3\x60\xda\x64\x85\x90\xd2\xc3\xd0"
	"\x21\x8b\x02\x7d\x25\xf8\x7a\x23\x6d\x45\x11\x55\xac\x6b\x21\x32"
	"\xf6\x2d\x61\x1d\x09\x23\xbd\xf5\xf4\xdb\xb0\x57\x39\x24\x28\xc5"
	"\x41\x4d\xce\x8e\x84\x3a\xaf\xf2\xbd\x52\x19\x7b\x54\x4a\x24\x23"
	"\x61\xc3\x7d\x0a\xa5\x94\xd8\x97\x60\x54\xb5\x29\xf9\xe1\x6f\x2b"
	"\xe9\x41\x57\x84\x3b\x8b\x65\x22\xd6\xc5\x69\x51\x31\xe1\x0a\x1d"
	"\x03\xc2\x9d\xb0\x32\xd3\xa6\x62\x36\xe0\x94\xb6\xe4\x84\x71\x85"
	"\x7e\x55\x8c\x11\x30\x21\x4d\x91\x49\xd8\x16\x96\xb1\xb1\x9a\x51"
	"\x63\x39\x3d\x8c\x0a\x7c\xea\xb5\x25\xd9\xe8\x84\x54\x06\x80\x6e"
	"\x5d\x42\x73\xb3\xcc\x89\x2d\x45\xc9\x13\x36\x94\xed\xc4\x22\x1d"
	"\x1f\x50\xe5\x21\x07\xf8\x41\xcd\xcf\x8e\xc3\x82\xde\x10\x69\x56"
	"\x1e\xe2\x9a\x0b\xa3\x8f\x47\xb1\xb9\xcb\xb2\xe9\x48\x89\x06\x12"
	"\xba\xc8\x03\x31\x60\x1c\x22\xb6\xf2\xcb\x53\xc7\xb8\x28\xdd\xa0"
	"\xf4\xbd\xc6\x23\x70\x7d\xf8\xac\xe2\x16\xc3\x8f\x7f\xfd\xe1\x07"
	"\x13\x63\xe0\xd0\xe4\x15\x19\x22\x03\x73\xb7\x88\x44\x66\x41\xbe"
	"\x56\xb5\xae\x6e\x00\x60\x57\x89\x5c\xcc\x4c\xe8\x5d\x79\x5a\x8c"
	"\x09\x61\x6c\xe8\xf9\x2f\xdf\x1e\x3f\x29\x54\xf3\x11\xa7\x5d\x67"
	"\xca\x31\x90\x58\x8e\x4d\x2d\x86\xba\xb0\xbd\x2e\x6f\x6b\xe4\x83"
	"\x31\xde\x4e\x91\x4d\xa0\x3a\x0b\x1c\xde\x85\xb9\xe8\x57\xa5\x50"
	"\xf9\x4b\x0e\x26\x2a\x4b\x3f\x24\x19\xaa\x2d\x34\xcd\x29\x35\x3a"
	"\x58\xc9\x2c\x2a\xf9\x07\xad\xd4\xf7\x42\x4d\xcd\xb8\xd5\x6a\x06"
	"\xdc\xaf\xbb\x6a\x5a\x9d\x8e\x8f\xbe\x0c\x42\x36\x81\xe9\x6b\x7a"
	"\x66\x85\x58\xed\x41\xa8\x50\x50\xb2\xfb\xa6\x54\x7c\x53\xac\x69"
	"\x24\x1f\xf6\x19\xfc\x10\x01\x68\x03\x8d\x15\x98\xdd\x61\x04\x99"
	"\xa0\x9c\x5b\xcb\xdf\xa6\x43\x83\x4a\x97\xe1\xa4\x4c\x9a\x38\xd1"
	"\x43\x59\x3e\x2d\xcc\x73\xf3\xbe\xa2\xaf\xb1\xbe\x9b\x94\xdd\x87"
	"\x91\x5d\x8e\x40\xdb\x2a\x55\x5d\x04\xad\x4c\x12\xdb\xdb\x01\x89"
	"\x89\xca\xfc\xab\xdc\xcb\xa9\x0d\x04\x71\xba\x73\x31\x2e\xd4\x3f"
	"\x1e\xdf\xbf\x9c\x54\xce\xd8\x97\x7f\xbd\x7f\x7b\x7f\x5b\xfc\xa9"
	"\x81\x7a\x60\x5a\x3f\x2e\xde\x5e\xfe\xef\xf9\x9f\x66\x3e\x29\xa1"
	"\x36\xfc\x36\x57\x0e\xd3\x46\x7c\xf7\x40\x01\xd9\xaf\xa7\x3a\xc8"
	"\x29\x03\x19\x71\x39\x60\xbd\xb1\x78\x2d\x56\x55\x69\x71\x06\x13"
	"\x79\xe2\x28\x44\x96\x21\xeb\xde\x8d\x3b\x07\x34\xf8\x6f\x59\x95"
	"\x59\xb9\x7d\x18\xd2\x68\xc1\xf7\x6b\xd1\xd4\x96\x49\xeb\x30\x97"
	"\x4d\xd0\x6e\x53\x19\xc0\x83\x01\x97\x7a\x21\x0e\x52\xcb\xf8\x8d"
	"\x16\x44\x0c\x8a\xcf\x5b\x27\xcb\xf5\x68\x9d\xea\x92\x7c\xb7\x53"
	"\x24\xad\x7e\x57\xde\xa5\xdd\x74\x1c\x0f\xe9\x1d\x91\xd9\x5a\x83"
	"\x2c\xed\xcc\x34\xd2\xc6\x46\x8a\x8f\x60\x13\x07\x34\x26\x60\xec"
	"\x64\xf0\x49\xbe\x6f\xe4\xd5\x81\x90\x06\x52\x09\x94\xed\xcd\x3c"
	"\xe0\x58\x20\x45\x03\xe7\x4e\xda\x38\xf0\x52\x70\x74\x85\x9c\x69"
	"\x62\x5b\x90\xbe\x9a\x79\x63\x03\xc4\x36\x91\x5a\xf4\x74\x9f\x21"
	"\x15\xa6\x3f\xc2\x42\x28\xc4\x43\x9e\xcb\xc4\x45\xe4\xb9\x44\x22"
	"\xa7\x1c\x06\xbd\xd4\x30\x9c\xd2\x6d\xa1\xa8\x3f\x4c\x9f\x73\x60"
	"\x43\xbf\x3f\xbe\xbe\x19\x89\xbc\xf7\x6f\x98\x7c\x49\x47\x79\x2d"
	"\xc4\xd7\x4f\x8b\xe6\xf5\xf1\xeb\xdb\x17\x75\x69\xb3\xc8\x1e\xff"
	"\xb6\xc7\x0c\xde\x11\x64\xb7\x30\x0e\xc6\x66\xa4\x0b\x4b\x67\xe7"
	"\x6f\x98\xfb\x2e\x8e\x90\xb2\x94\x3a\x89\xd8\xea\xa4\x4c\x22\x5a"
	"\x63\x00\xbd\x25\x21\x3d\xfe\x54\xff\x95\xd5\xa4\xef\x5c\xc0\x25"
	"\x8b\x38\xc0\x58\x62\xbe\x58\x21\xa9\x70\xe8\x5a\xe4\xbf\xd4\x65"
	"\xfe\x4b\xf2\xe5\xf1\xed\xf3\xe2\xe9\xf3\xcb\x77\x4a\x97\x54\x73"
	"\x80\x49\x2e\x87\xb4\x8f\x71\x14\x87\xdc\x59\x82\x0c\xb8\x03\x07"
	"\xa2\xb8\x05\xb1\x36\x6a\x76\xed\xa5\x3d\x0e\x0e\x75\xe9\xa5\x5e"
	"\xd9\x54\x04\x68\x4f\x2f\x89\xb2\xa5\xdb\x55\xb5\xc8\xf9\x65\x50"
	"\xf2\x34\x11\xc8\x98\x48\x14\x9e\x3f\x7e\xff\x6e\x64\x1a\x42\x84"
	"\x39\xdd\x7f\x8f\x4f\xb0\xeb\x4d\xbb\xaf\xc4\x2d\xec\xd8\x83\x4f"
	"\xf1\xab\x08\x95\x92\xac\x3d\x20\x9e\x7e\xcd\x8f\x6c\x26\x1a\xe7"
	"\x7b\xd4\x0b\xe5\xf3\x97\x3f\x7e\xc6\x8d\xeb\x51\xc5\x41\x02\xab"
	"\xc7\x42\xa0\x2a\xca\xc3\xeb\xeb\x4b\xf6\x3d\x91\x68\x44\x92\x09"
	"\xc6\x3e\xaf\x46\x27\xdc\x55\xcb\xd5\xed\xf2\x7a\xcd\xb2\x48\xd9"
	"\x2c\xaf\x33\x9e\x9c\xf9\x46\xa6\xda\xf9\xa8\xf0\xa7\x26\x53\xd8"
	"\x0f\xcb\x7b\xa9\xb7\x44\x7d\x48\xbf\xbc\xfd\xfb\xe7\xf2\xeb\xcf"
	"\x21\x0e\x13\x6f\x80\x55\x1f\x5e\x86\xdb\x15\xfb\x5a\x58\x51\x05"
	"\x97\xec\x0a\xe9\x5e\x22\xc8\x36\x13\x06\xf5\xfa\xac\x8a\xa2\x7a"
	"\xf1\x3f\xfa\xef\xe5\xa2\x0a\xf3\x5e\x86\x60\x06\x4f\x3f\xe0\x7d"
	"\x8f\x67\x0e\xed\x83\x94\x4c\x15\x67\x48\x63\xa5\x75\x7d\x06\xfb"
	"\xf7\xbe\x48\x1b\x26\xab\x0a\x50\x11\x58\xb0\xb1\x72\x65\x40\xa1"
	"\x06\x39\x23\x49\xb7\x65\xf0\xd1\x2a\xe8\x00\x49\xad\x32\x4b\x68"
	"\x83\xdf\x16\x6a\x13\xfc\xce\x23\x53\x02\x2c\xd1\x71\x18\xf3\x8b"
	"\xe1\x96\x67\xc2\x00\x02\x01\x6d\x38\x8e\x04\x00\xa5\x5d\x7a\x49"
	"\xfa\x8b\x02\x68\x75\x5c\x3f\xe0\x32\x70\xb2\x02\xa3\x49\x80\x41"
	"\xcb\xd6\x07\xfe\x04\x0f\xbc\xd8\x83\x72\x1d\x30\x8e\x46\x3d\x13"
	"\x5a\xac\xa5\xc4\x89\x9d\x56\xab\xe5\x91\x92\xc7\x7e\x83\x19\x6f"
	"\xd6\x8f\xbf\xe1\xd9\x88\x09\xfe\x53\xe4\xfb\x1a\xa4\x0b\xd4\x73"
	"\xbc\x2f\x8f\x44\xb8\x59\x5f\x78\x59\xf6\x74\x36\xd7\x9e\x9c\x59"
	"\xa8\xc6\x66\xa9\x02\x32\xd4\x78\x0f\x26\xb0\x5f\xcf\xa2\xb1\x5e"
	"\x33\x07\x78\x78\xda\xc2\x3a\xf0\x83\xae\x17\x33\x74\x79\x1b\x79"
	"\x9a\xaf\x7b\x76\x5a\x38\x36\x9c\xa0\x29\xcb\xcd\xcd\xe5\xc6\x00"
	"\x00\x0c\x23\xcc\xf3\x5a\xdd\x36\x61\x74\x88\x38\x97\x33\x35\xf3"
	"\xd0\x79\xce\xdb\xe0\xb9\x0f\xae\x25\x39\x49\x0e\xb8\x06\xd0\x12"
	"\xde\xe1\x55\xab\x25\x61\x68\xc3\x2e\x3d\xcc\x52\x1d\xe1\xa9\xef"
	"\xd5\x0e\x79\xbc\x90\x83\x3c\x3b\xed\x65\xa4\x93\x82\x12\x10\xda"
	"\x24\xe4\x69\xda\x39\x7b\x7a\x98\xbe\xbc\x3d\x51\x0a\x83\x88\xae"
	"\x97\xd7\xc7\x36\xaa\x4a\xda\x64\xa5\x92\xf5\xe1\x16\xc1\x38\xe3"
	"\x81\xba\xce\x9c\xec\x88\x59\x9e\x96\xe1\x15\xe3\x35\x99\xe4\x4a"
	"\x61\xa7\x85\xbe\x50\x6e\x56\x4b\x79\x75\x41\x9f\x9b\xa0\x36\x66"
	"\xa5\xdc\xa3\x0d\xb3\xeb\x63\xfa\x72\x11\xf4\xd4\x8c\x36\xb4\xe9"
	"\x94\x7f\x65\x5a\xa0\x39\x8a\x9e\x3e\x55\x24\x37\x37\x17\x4b\xc1"
	"\xdc\xaa\xa7\x32\x5b\x6e\x2e\x2e\x56\x1e\xe2\x92\x5e\xe8\x20\xeb"
	"\xc8\xb2\x96\x6d\x03\x4c\xd7\xd7\x7e\x9e\x60\x77\xc9\x5d\xe1\xf5"
	"\x2c\xaa\xa1\x1b\xc6\xfe\xbf\xcb\xc3\xf5\xea\x9a\xbe\x73\x8a\xe4"
	"\xe5\xfa\x86\x26\x21\x4e\xb1\xbe\xfe\x6f\x13\x29\x36\x57\x37\x17"
	"\x8c\x8f\x66\xd3\x40\xef\xb7\x20\x99\xae\x5a\x0f\xc0\xb2\xa4\x25"
	"\x88\x5d\x14\x56\xed\x9d\x8c\x63\xad\xed\xf5\x43\x33\x14\x8c\xb3"
	"\x2c\x4c\x61\xcc\x23\x95\x9b\xaa\xe5\x52\x8e\xa5\x11\xa2\x69\x6b"
	"\x94\x40\x0b\xdb\xd1\x24\x78\x72\x3b\x76\x88\x9a\x2a\x22\x50\x85"
	"\xdf\xd1\x13\x07\x51\xfc\x18\x1c\x61\x95\x30\x5e\x99\xbe\x0e\xfa"
	"\x48\x1d\x0f\x41\xa4\x60\x84\x60\xb0\xa7\x5c\xcb\xee\xd3\x6d\x37"
	"\xa0\x08\x77\x6a\x59\x66\xee\x9a\xb4\x3d\xa2\x7b\x44\xdd\x1c\xee"
	"\x6b\xf5\x66\x9b\x98\x8b\x63\x0a\x2a\x0d\xde\xf6\x96\x45\x53\x97"
	"\x1d\x1e\x68\x0f\x7f\x9b\xa2\x86\x0b\xcb\x09\x2b\x01\x51\x25\x32"
	"\xe3\x18\xd1\x7d\xac\x15\xb7\xf9\xc5\x66\xf3\xe1\xc2\xcc\x05\x84"
	"\x69\xa3\xa2\xfa\x70\x73\x73\x65\x04\x53\xe8\x1c\x28\x89\x40\xb3"
	"\xee\x0e\xf7\x18\x4b\x95\x5e\xba\xa7\xb5\xc6\x88\x8e\x2b\x94\xfb"
	"\xdf\xa6\xfb\x9c\xa6\xc0\x26\xbd\xa4\xf7\x87\x91\x7e\xed\xa3\x6b"
	"\x90\x6f\x1f\x07\xf4\xcf\xfa\xe6\x83\xb7\x92\xcd\x2a\x3c\xae\xfd"
	"\x0c\xc7\xe3\x95\x97\x03\xf4\xa6\xf6\x66\xb3\xab\x62\xc9\x5c\x49"
	"\x07\x1f\x2e\x2f\x26\xfb\x5d\x97\x75\xf2\xaf\xc7\xb7\x45\xfa\xf5"
	"\xed\xf4\xfa\x8e\x60\xd3\x6f\x8b\xb7\xcf\x8f\xaf\xa0\x5a\x9c\x50"
	"\xe1\xc6\x7e\x5b\x7c\x01\x55\x63\xf1\x09\x36\xf0\x97\xef\xf8\x4f"
	"\xb3\x1f\x61\x06\x30\x51\xb9\xfd\xfe\x90\xa5\x72\xd5\xaa\xbb\xf4"
	"\x39\xa6\x74\xc9\x5c\xb2\x61\x38\x81\xc0\x95\x51\x65\xd3\x38\xd2"
	"\xaf\xa7\xe7\x2f\x8b\x3c\x0d\x41\xac\x7e\x7d\xfe\xf2\x78\x82\x96"
	"\x8f\xe3\xed\xb0\xa0\xd1\x2a\xea\xd3\x6a\x6a\x75\x2a\x4c\x13\xa2"
	"\xf8\x00\x52\xca\xb4\x74\xac\x68\xf7\xed\xed\xc4\x12\xc3\xc7\xd7"
	"\x4f\xd4\x6b\x58\xfe\x6f\xdf\x5f\xbf\xa1\x46\x09\xfa\xa5\x3c\xc1"
	"\x17\x98\xd0\xdf\x3f\x86\xa5\xcc\x7f\x32\x94\x98\xa1\x7d\xd1\x24"
	"\x3f\xe8\x36\x2e\xee\xef\x98\xc4\xf1\xe1\xae\x64\x72\x8e\xc8\xb0"
	"\xad\x1b\x79\xc4\x5d\x6e\x86\x83\xbb\xc5\x4d\xaa\x1a\xfe\x84\x93"
	"\xb1\xf9\xdf\xd7\x27\x5b\x39\x35\x1b\x7b\x57\xd3\xa3\x6d\xee\x62"
	"\x15\xbb\xcd\x29\x5f\x34\xb9\x83\xfd\xac\x97\x68\x30\x59\x10\x6b"
	"\xa8\x53\x99\x84\xf2\xd2\x32\x9d\xd5\x02\x76\x66\xd4\x59\xc8\xdb"
	"\x0f\x78\xc0\x30\x74\xe3\xe3\x51\x2e\x9c\x92\x7c\x48\xd7\xec\x10"
	"\xf0\xaa\x16\x4e\x2e\xab\x69\x5d\x9b\x16\xa7\xbf\xbf\x3f\x2f\x7e"
	"\x84\xd5\xf4\xef\x7f\x2c\x4e\x8f\xdf\x9f\xff\xb1\x08\xa3\x9f\x61"
	"\x0d\xff\x64\x20\xd7\xf7\xa2\xac\xd5\xde\x70\x57\xeb\x52\x26\xbb"
	"\x71\x47\x2e\x25\xc3\x30\xd4\x4a\xdd\x4d\x0d\x95\x6f\xc9\x57\x86"
	"\x3b\xa6\x8f\x54\xb2\xe7\x46\x14\x66\xa2\x34\x55\x9e\x95\xdb\xad"
	"\x15\xfb\xa1\x4a\x25\xfa\x71\xa8\xfb\x09\xab\x6f\x9a\x7e\xab\xb1"
	"\x44\x43\xfd\x04\xe8\xb8\x93\x41\xb2\x59\x92\x70\x8e\x23\x55\xff"
	"\x9f\x61\x92\x42\x9e\xc3\x92\xa5\x01\xfc\xe5\xe1\xa9\x2b\xef\xac"
	"\x42\xf8\xec\x0c\x2f\xd8\xad\x10\x44\x45\x69\x18\x80\x11\x4d\x55"
	"\x56\xdc\x49\x3e\x63\xfb\xe5\xe1\x71\x1b\xac\x34\xbf\x9f\xe9\x6a"
	"\x8e\x29\x28\x8e\x4b\x0f\x4f\x10\x2f\x3d\xc4\x6e\xa6\xad\xee\xdb"
	"\x23\xfc\xa7\x56\x1a\xff\xa6\x5d\xc5\x44\xfe\x28\x2a\xd4\xb1\x39"
	"\x1e\x8f\x5e\x06\xef\x78\x88\x50\xd4\x9e\xb7\x0b\x11\xfa\x9b\x27"
	"\xd2\xf0\x83\xb7\x01\xc8\xb0\x99\x61\xd8\x5c\xf9\x18\xf2\x83\xf7"
	"\x0b\xf2\xc3\x3e\xf7\x8c\x54\x54\x35\x70\x74\x96\x9e\xf7\x23\x8a"
	"\x26\x4c\x1c\x0f\x07\xde\xda\xd4\x3c\x3d\x86\xf6\x2d\x19\x3b\x13"
	"\x48\x40\x6a\x27\x2d\xe2\x7b\xce\x15\x73\xe0\xf1\x88\x4b\x03\x8f"
	"\xbf\x2b\xaa\x66\x35\xc7\xb0\xf4\x2f\xcf\x5c\xd4\x4d\x75\x97\x72"
	"\xab\x73\x9f\xc8\x5d\x18\xd9\xa1\x7b\x43\xb1\x7b\x46\x52\x1c\xa0"
	"\x94\x80\xa8\x9a\x53\x35\xb4\xd1\x7d\x08\x8b\x7c\xe0\xf1\x54\xd5"
	"\x5f\x41\x91\xad\x08\xf3\xa8\xdf\x5f\x7d\x55\xb8\x79\xc0\x1d\x02"
	"\x8a\xef\x93\x37\xec\x30\xbb\x5b\xe5\xe9\xbe\x82\x89\x84\xe9\x8e"
	"\xc8\xe3\xea\x72\x73\xe9\x59\x4d\x69\xe5\xdb\xa6\x0b\xbc\xcb\xf0"
	"\xd2\xd1\x9d\xd3\xd3\xba\x26\xf6\x2c\x33\xf9\x90\x5f\xaf\xc2\x1b"
	"\xd8\x90\x96\x3c\xd3\x1d\x74\x6c\x1a\xb6\x97\xcb\x9b\x0b\x1f\x93"
	"\x98\xdb\x3f\xa3\x70\xb5\xb9\xfe\xcb\xb3\xe4\xb0\x2d\x9b\x0f\x57"
	"\x3c\xc7\x7d\xf4\xe1\x72\xe3\xf9\x1c\x5e\x95\xd4\x32\x48\x3e\xb3"
	"\xb1\x55\xf9\xcd\xc5\xc5\x25\x4f\xef\xcf\x29\x98\xf4\x79\x98\x7a"
	"\xb6\xe8\x68\xc7\xd3\x4a\x19\xe9\x61\x15\xce\x3d\xa7\x95\xc8\x19"
	"\x6d\x65\xd4\xc2\x81\x72\xca\xf2\x1f\x51\xc6\xd7\x9c\xb1\xa2\x71"
	"\x8e\x1e\x83\xc1\x31\x57\x5e\x2c\x4d\x5a\x4c\x0d\x83\x91\x9d\x90"
	"\x23\x37\x24\x3e\xda\xa4\x91\xb3\x59\x4f\xd4\x6b\x92\xb4\x74\x2a"
	"\xd4\xde\x1d\xda\x42\x97\x8b\x42\x6c\x41\xee\xc5\x1f\x5c\xf6\x92"
	"\x08\x93\x6c\x2a\x70\x3a\x32\x7e\x11\xc8\x6a\x71\x9b\x4e\x10\x83"
	"\x87\x9c\xce\xbc\x30\x96\xcb\x42\x54\x72\x57\x36\x4e\x93\x30\xa7"
	"\x32\x4a\xb0\x87\x14\x73\x86\x7a\x1a\xc2\x67\x8a\x89\x3a\x7b\xb4"
	"\x97\x03\x74\x3a\x8e\x84\xe1\x4e\xcc\xbd\x06\x50\xd9\x69\x0d\xb4"
	"\xdf\xe2\xba\x64\x6b\xa5\x32\x30\xd8\x83\x41\x5f\x13\x60\xa7\x2b"
	"\xc7\x27\xa7\xa7\x92\x4c\x38\x91\x3f\x23\xed\x10\x77\x28\x2d\xe6"
	"\x03\xba\x50\xbb\x04\x22\x8a\x7c\xac\x62\xd6\xa0\xbb\x95\x83\x06"
	"\xec\x39\xbe\xba\x98\xc7\x7e\xbd\xa4\x5e\x21\x0e\x81\xb7\xae\x24"
	"\x0e\x9d\xb6\x79\x02\x83\x80\x8a\x98\x2c\x6a\x48\x25\xc7\xe1\x4f"
	"\xaa\x0a\x0c\xa2\x88\xea\x12\x0e\x78\xdd\x82\xf3\xb8\x5a\xc4\x4f"
	"\x2a\x65\xd3\x96\xe8\xa9\x33\x64\xe1\x52\x69\xa4\x98\xf9\x1f\x94"
	"\xf7\xd6\x2c\xef\x32\xa0\x8c\x16\x8b\x1e\x1f\x95\xb1\xfd\x26\x7b"
	"\xe9\x20\xcb\x6b\x75\x3d\x8e\xe3\xc5\xe5\x6a\x73\xb5\xf8\x31\x79"
	"\x79\x7d\xbe\x87\x3f\x3f\x51\x86\xa5\x24\xad\x63\xf4\xeb\xa5\xeb"
	"\xee\x88\x6d\x51\xca\x07\x3a\x36\xa6\x73\x6f\x37\x33\x4e\x39\x79"
	"\x2f\x6c\xd7\xe0\xa0\x2c\x22\x4b\xcf\x52\x06\x73\xdb\xc7\x78\xbb"
	"\x07\x11\xd8\xec\x83\xa1\xd0\x73\x88\xc4\x77\x7b\x91\xc1\xfc\xe2"
	"\x03\xb4\x98\x5b\x80\xd4\x13\x10\xde\xc4\xdc\x55\xaf\x08\x59\x5c"
	"\x8d\xb4\x62\x49\x87\x23\x47\x41\xe7\x25\xc6\x49\x6e\xcb\x60\x7c"
	"\x40\x1b\x64\xcc\xc6\xf9\xa2\xa2\x5b\x66\xd4\x49\xd2\xec\x2d\x80"
	"\x74\xf8\xd9\x1e\xd4\x40\xd5\xa0\x8b\xb7\xe4\x23\x07\x8d\xa8\x30"
	"\xd6\x9f\xe5\x5c\x52\xda\x3a\x2c\x88\xeb\x14\xe5\x8e\x3b\x5a\xe8"
	"\x3e\xd9\xe6\xa1\xe8\xe5\xed\xf4\xfa\xf2\xfb\x3b\x1a\xc3\xe4\x7f"
	"\x5f\x4e\x4f\x9f\x17\xe2\xf5\xe9\xf3\xcb\xe9\xf9\xe9\xf4\xfe\x6a"
	"\xba\x0a\xf4\x83\xdd\xec\xd0\x5d\xd3\x89\x62\x85\x2d\x2f\x2a\xeb"
	"\x76\xe5\x88\xa2\x87\xb2\xe6\xe4\xac\xe6\xa1\xda\x95\x25\x17\xb0"
	"\xd9\xd5\x27\x22\x51\x35\xf6\xfe\xd3\x15\xa1\x8d\xaf\x4e\xd2\x3a"
	"\x9e\xa9\x00\x4e\x49\xcb\xfc\x1b\x37\x97\x2b\x32\xd8\xc6\x7c\x28"
	"\xfb\x7f\xca\xae\xa4\xc9\x6d\x1c\x59\xff\x95\x3a\xce\x44\xbc\x99"
	"\xe6\x22\x4a\xd4\x11\x5c\x24\xc1\x22\x48\x16\x01\x49\x54\x5d\x18"
	"\x35\x76\x45\xb7\xe3\xd9\x2e\x87\xdb\x1d\xe1\xfe\xf7\x83\x04\x49"
	"\x89\xa0\x90\x00\xe7\xe0\x45\xc8\x0f\x20\xd6\x04\x12\xc8\x45\x4a"
	"\x7a\xb0\x27\x69\x1d\xcf\x0b\x9a\x56\x98\x53\xbc\x7b\x56\x91\xeb"
	"\x4e\xf0\x49\x9a\x63\x07\xe1\xe1\xb6\x52\x70\x57\x23\x18\x79\xd1"
	"\x0b\x95\x6c\xed\x36\x10\xae\xbc\x7a\x10\x65\x96\xc5\xbe\xef\xa3"
	"\x2f\x8d\x35\x4c\xa1\x10\xf1\x8c\x21\x65\x89\x76\x9f\xb8\x2a\x2b"
	"\x99\x41\x29\x0f\x71\x13\x65\xd8\xe7\xdd\x25\x33\x4e\x17\xd2\xa4"
	"\xe6\x74\x68\x5a\xc5\xf5\xf3\x5d\x81\xf9\xeb\x28\x7c\x94\x90\xa3"
	"\x14\x6c\x44\x5c\x53\xe3\x24\x4f\x1b\xda\xf3\x7f\x9f\xd2\x95\x49"
	"\x1c\x7b\x9e\x3d\x73\xef\xce\x5e\x5f\x21\xc9\x6a\x85\x1c\x46\x19"
	"\xf0\x25\xe4\x7e\xae\x6c\x11\xe3\x2c\x6c\xaa\x09\xba\xaf\xca\x10"
	"\x2d\x0c\x91\x1d\xae\x52\x4a\x62\xf3\xe7\x92\x69\x46\xe1\x6c\x70"
	"\x4a\x74\xcb\x91\xa4\x24\xf6\x3c\x90\xa1\xd4\x23\x8e\x49\x6e\x9b"
	"\xb8\x32\x9d\xe9\x49\xeb\x57\x71\x38\x95\xa0\xdf\x2d\x3b\xa4\xab"
	"\xcd\xe6\x08\x53\xc8\xd9\x0d\x49\xf6\xad\x13\xd3\xec\xcd\x76\x7c"
	"\x50\xbb\xae\xd6\x7d\x16\x15\xf4\xf9\x44\x31\x7b\xab\x91\x38\xab"
	"\x98\xa1\xe5\x87\xbc\xe0\xba\xac\x30\x24\x75\xc2\x47\x6e\x7f\x07"
	"\x72\x68\x27\xaf\x1c\x64\x67\xcd\xa4\xd8\x5b\xe9\x4c\x8b\xa6\x8e"
	"\x2c\x72\xaa\xd1\x52\x5b\x5e\xfb\x1c\x42\x9d\x1b\x99\xdd\xc4\xda"
	"\xdd\xc5\x05\x33\x7d\x0f\xe9\xa3\x63\x15\x68\x0c\xb3\x31\xd7\xdc"
	"\x62\x23\x2b\x82\x23\x16\xad\x3c\x83\xf0\x33\xf6\xf2\x72\x29\x56"
	"\xe4\xad\xb6\x1a\xf2\xc0\x59\xf7\xfc\x25\x3d\x50\x6d\xe6\xf4\x29"
	"\x5d\x59\xf3\x41\x10\x04\x65\xec\x2e\x77\x96\x74\x90\x62\x1a\x6c"
	"\x62\xda\x56\x72\xa0\x6d\x74\xc8\x82\x6e\x8f\x45\xfc\x81\x5c\x52"
	"\x08\xc0\xc9\xb5\xb7\x42\xf7\x93\x43\xc9\xb1\x74\x70\xe3\xb4\x43"
	"\x89\x28\xef\x93\xc4\xd0\xd1\x4c\xad\xb3\x0e\xb5\xef\xe2\xcb\x87"
	"\x13\xb9\xe4\x54\xef\x14\xe7\x5c\xa5\x31\xd8\xe5\x1a\xb7\x2f\xa5"
	"\xb5\xa9\x0d\x18\x76\x15\x95\xa3\x26\xc7\x8a\x62\x8c\x10\xb5\x9f"
	"\x18\xa7\xc9\x1f\xdd\xe1\x32\x0b\xbb\x23\x13\x11\x76\x46\xe5\xf6"
	"\x8d\x12\x72\x9c\x82\x15\xb7\xf2\x72\x94\x80\xe5\x49\x11\x79\x87"
	"\xf9\x9e\x79\x6d\x7d\x60\x8e\x65\xc5\x48\x73\xce\x0b\xad\xc3\xd9"
	"\x99\x61\x9c\x95\x1f\xf7\x46\xaf\x6c\xc7\x6b\x60\x1c\x4c\x26\x8b"
	"\x26\x65\xa5\x2d\x5b\x56\xb4\x72\xca\x23\x37\xd8\x45\x1b\xe1\x22"
	"\xa3\xa4\xf2\x8b\x95\xbc\xbb\x38\x5a\x4b\xd3\x46\x9f\x5d\x47\x1e"
	"\xc7\x2b\xf3\x79\x00\x48\x88\x46\x6f\x4f\x92\x5f\x2c\x10\xf2\x8b"
	"\x2c\xb5\x45\xae\xb1\x67\xf5\xa9\x1e\x38\x54\x99\x06\xf1\x07\x44"
	"\x7d\x50\x12\xdb\x60\x25\xa9\x98\xaa\x4e\xb9\x59\x85\xed\x82\xaf"
	"\xf2\x9c\x51\xf3\x98\x5d\x1b\x6d\x39\xc3\x6f\xdf\x43\x4c\x63\x76"
	"\x39\x29\x4a\xc7\xe7\x4a\x22\x86\x8f\xdd\xf7\x90\x3e\xc9\x2c\x03"
	"\xf2\x38\x8c\x03\x07\xd7\x01\xc7\x61\xcd\x2c\x06\x35\x0f\x90\x59"
	"\x7b\x6e\xf7\xb9\xb3\xb8\xa6\x2a\x2b\x36\x0b\x57\xe4\xd8\xe2\x4a"
	"\x73\x07\xc6\x33\xcb\xe6\x32\x0f\x8e\xee\xa9\x50\x9e\xe5\x91\x45"
	"\xdb\xbd\x95\x26\x4e\x96\x1b\x23\x99\x4e\x32\x56\x47\xaa\xcb\x68"
	"\x87\xca\xc1\x7d\x87\x30\xba\x79\xb9\xa7\xa5\x6e\x15\x75\x90\xd2"
	"\x92\x9c\x8e\xc6\x5e\xbc\xe6\x60\x97\xb7\xa3\x0e\xa9\xb3\xbf\xd8"
	"\xd7\xbc\xb6\x14\x24\xc4\x5e\xf6\x9e\x0b\xf4\xd4\xfd\x5c\xec\x51"
	"\x43\xd5\x36\x2f\x3b\x34\x1f\xea\x71\x6e\xac\xe1\x89\x14\xe0\x9e"
	"\x40\xab\x63\x4a\x36\x72\xcf\x40\x15\x68\x7a\x63\xaa\xd9\x36\x3e"
	"\x2a\x38\x30\x4c\xa2\x6f\x32\xad\x23\x9a\xb5\xb7\x72\xcc\x6b\x70"
	"\xa8\x2f\x72\xed\xdc\x14\xfb\xe1\x16\x79\xb0\x06\x92\xa8\xcc\x93"
	"\xbe\x89\xfd\xf5\xd6\xf5\xb1\x12\x5e\x1c\xcd\x55\x07\x37\x31\x8d"
	"\x91\xc4\x09\x93\x47\x36\x4d\x81\x81\xc3\x46\xd7\x39\xa7\x2a\xcf"
	"\xf3\x67\x73\x91\x55\x41\x9a\x5d\x41\xf4\xeb\x06\x8e\xdc\x7c\xc9"
	"\x74\x30\x37\x4d\x5d\x17\x20\xf2\xc0\x46\x74\x0e\x91\x6e\x03\x2f"
	"\xf4\x5d\xb9\xb8\x6e\x31\xc7\xb7\xd8\x5b\x18\xe5\xfe\xd6\x31\xa0"
	"\x9c\x71\x6d\x0e\x70\x96\x6e\x11\x7f\x26\x79\x4d\x53\xf3\x71\x0b"
	"\x0a\xd9\xfa\x7e\xab\x17\x24\xd3\x56\x2e\x3e\xc9\xab\x14\xac\x96"
	"\x5a\xf3\xfc\xe4\x42\x6d\x05\x5a\xb1\x82\x81\xdb\x54\xf7\x50\xea"
	"\x97\x71\x07\x52\xd7\x57\x26\x27\x2f\x76\xc2\xdf\xe7\x0c\xb1\x77"
	"\xe7\x5c\x9e\x17\xcd\x0b\x9d\x9e\x1c\x95\xb8\x96\x55\xcd\xaf\xda"
	"\x78\xc1\xdb\x6f\x5b\xec\xcd\x4b\x75\x92\x57\xe4\x87\x93\xfe\x30"
	"\xdb\xa7\x38\x72\xe9\x39\x68\x97\xd6\xf2\x48\x42\x10\x93\x7a\x81"
	"\x3b\x55\x1b\xca\x3b\xeb\x2c\x5f\xfe\xec\x1a\x79\x7e\x36\x17\x07"
	"\x54\xf0\x18\x91\xce\xee\xf5\x1f\x8b\xbd\xd0\x97\x52\x8f\xf1\xda"
	"\xa7\x74\x97\x08\x3b\x4d\xdf\x00\x21\x02\xd8\x65\x19\xc5\x84\x98"
	"\x9a\x1a\xdf\x0f\xa5\xa8\xdb\xdf\xb3\x4f\xae\xd9\x21\x71\x6e\x3d"
	"\xaa\xd2\x52\x78\x72\xa3\x98\xa4\xd4\x63\xa8\x48\x08\xf2\x50\x36"
	"\x16\xdc\xb1\x53\x8b\x7b\x5e\xd0\x50\x60\xf2\xdc\xe4\x96\xe2\x1c"
	"\xd2\x9b\xc2\xc8\x65\x98\xc2\xe3\x01\xc3\x21\x55\x0a\xf7\x9a\x38"
	"\x7d\xb8\x04\x31\x74\x61\x7d\xb8\x16\x74\x22\xb2\xf0\x8b\x4c\xd1"
	"\xee\x41\xf2\x0c\xa2\xa6\xef\xe1\x3d\x53\x92\x1e\xcd\x01\x28\x7d"
	"\x82\x74\xdc\x76\x0d\x2e\x26\x67\x39\xef\xb4\xe1\x3a\x12\x07\xb4"
	"\x71\xbc\xd9\xae\x13\x1c\x20\x62\x2f\x6c\x51\xb2\x1c\x74\x50\xfa"
	"\xb1\xd1\xe3\x8d\x8d\x3e\x5c\x0a\xa2\x80\x94\xa6\x24\xc3\xeb\x3f"
	"\xdc\x99\xa0\xf4\x8c\xc8\xd9\x6b\x29\x3e\xab\xe1\xac\x1a\x58\xe9"
	"\x22\x8d\x7d\xdf\x5e\xc2\x2a\xb6\xd3\xd7\x9b\x39\xfd\xf6\xd0\xd5"
	"\xe6\x6a\xf8\x34\x11\x36\xad\x0b\x39\xc3\xb1\x12\x7b\xb3\xc8\xf6"
	"\x42\xae\x28\xa4\x00\x5d\x24\xe1\x7b\xbe\x9f\xe2\x18\xf0\x82\x83"
	"\xd0\x06\xa1\xd2\x49\x97\x62\x05\x8e\x51\xa2\x1a\xd2\xee\x9b\xdc"
	"\x34\x6f\xfb\x9d\x20\x7c\x6b\xd1\x4a\xfe\x41\x11\xa5\x72\xb1\x43"
	"\xf0\x16\x3c\x5b\xb3\x0f\xa7\x38\x0b\x5d\x1d\xbc\x70\xba\x3c\x7c"
	"\x8d\xad\x43\xac\x9b\x39\x3e\x32\x5c\xe4\xbe\xd7\xd6\x88\xe3\x8a"
	"\x86\x48\x36\x0f\x96\x02\x58\xf6\x33\xbc\x3e\xf3\x1c\xa5\xf7\xde"
	"\xea\xba\xbd\x64\x2d\x41\x03\x7f\xdb\x86\x4f\x0a\xca\xdb\x6d\xc4"
	"\x4c\xd7\xd6\x75\x3d\x31\x70\x93\x3f\xba\x84\x67\x7a\x6c\x75\x48"
	"\xcc\x72\x30\x78\xd4\x8e\x85\x90\xfc\xe8\xfb\x7e\x42\x64\x75\xfd"
	"\x90\x41\x29\x25\xcc\xdd\xcc\x4c\x11\x55\x6e\x2c\x4d\xe8\xf5\xa9"
	"\x06\xbf\xee\x5a\xd9\x4a\xd1\x16\x2b\xb7\x53\x5e\x42\x04\xf2\x12"
	"\xcf\xcd\xf7\xa8\xbc\x38\x4c\x1e\x77\xc0\x4c\xa7\x77\xb3\x08\xae"
	"\x46\x74\xab\x17\x49\x4a\x89\x48\x51\xf3\x9e\x23\xb9\x60\xd7\x8b"
	"\x40\xae\xf3\x3d\xe1\x46\x3f\x52\x40\x6d\x44\x11\xfb\x91\xa7\xd7"
	"\xa4\x4f\x0c\xf4\x44\xb8\x77\x88\xa7\x37\x7a\x90\x28\xff\x68\x92"
	"\xd1\xd8\x0e\xd8\x35\xfc\x4d\x8b\x11\xb6\x9d\xbf\x89\xc9\x23\x35"
	"\xcd\x52\x75\x93\x3d\x6f\xff\x40\xeb\x72\xa3\x41\xe5\x14\x51\xa6"
	"\xcc\x94\xb9\xbf\xc2\x1c\x11\x68\x5f\x8d\xa5\xb0\x84\xda\x41\x19"
	"\xdb\xae\x11\x8d\xaf\x11\xc2\x9b\xed\x06\x39\x67\x4d\x20\xb1\x0b"
	"\x22\xd9\xc0\x26\x42\x44\xeb\x29\x68\xeb\x02\xed\x8b\x75\xe0\x11"
	"\x4b\xf7\x95\xb0\x1f\xc4\x9e\xa9\xfb\x60\xb7\x49\xac\xa5\xb3\x94"
	"\x6f\xe2\xd0\xde\x96\xa6\xcc\x28\xef\x0e\x95\xd9\xea\x6b\xd2\xfd"
	"\xfc\x94\xf0\x7c\x54\x4e\x31\xce\x92\x01\x32\xaf\x2b\x29\x68\xc7"
	"\xa2\x75\x88\xdb\xc2\x91\x32\xd8\x18\x25\x2a\x20\x26\x79\x71\x9c"
	"\x2a\xaf\xa9\x0c\x0d\x93\x3c\xe5\xd4\xce\x3f\x95\xd7\xbc\x2a\x83"
	"\x38\x8e\xf1\x75\x99\x06\x66\xd9\x71\x6c\xc7\x0b\x39\x35\x27\x6e"
	"\x9c\xeb\x6d\x1c\x84\xbe\xd7\xd9\xd6\x35\xe0\x8e\xa4\x60\x88\x3e"
	"\xe1\x08\x79\x96\x9b\xd8\xe5\x82\xa8\x76\x00\xe8\xc0\x2b\x6b\x01"
	"\xf2\x30\x11\xf9\x2d\x3e\xd7\x69\x7d\xb0\x55\x93\xd3\xbc\x81\xf7"
	"\x5f\xe4\xb9\x02\x20\xe7\x62\xed\x58\x05\xe9\x41\x4a\xf5\xa6\xae"
	"\xbc\xcc\xc4\xff\x9b\x1f\xc0\x4b\xc6\x11\xf8\x5d\x77\x82\xf5\xd7"
	"\x30\x26\x9a\xae\x53\x22\x7f\x5a\xd4\x7b\x24\x35\x3a\xa2\x36\x3f"
	"\x92\xba\x3e\x16\x46\x53\x41\xb9\x20\x7d\x6f\xaa\x5f\xa4\x12\x3a"
	"\xca\xd5\x4b\x9f\xde\xac\x9e\x04\x0e\x96\xcc\xaa\xca\x23\x62\xd4"
	"\xfd\x04\xb7\x8e\x8f\x45\x2b\xbd\x33\x30\xe5\x9d\x06\x9e\xbb\x7d"
	"\xb7\x26\x58\x6f\x30\xfd\x46\x5d\x25\x38\xba\xd7\xf8\x98\xdf\xa4"
	"\x6c\x67\x16\xdb\xa7\x59\xc7\x97\x51\x03\xe9\xe1\xe9\x88\xd6\x97"
	"\x00\x93\x77\x81\x86\x4f\x9b\x69\x91\x0d\xa7\x5a\xa9\xc0\xa3\x10"
	"\x5f\x31\x72\x77\x62\x88\xea\x5e\xdd\x50\xce\x8c\x51\x49\xa6\xdf"
	"\x33\x3c\xc7\x48\x01\x30\x6f\x04\xa2\x6b\xcf\x2e\x74\x47\xf3\xd6"
	"\x55\x6a\x9e\x51\x82\xce\xe7\x86\x0c\x4f\xb5\x26\xda\xed\x3e\xd2"
	"\x44\x9c\xda\x6e\x4d\x09\x5c\x98\xd3\x05\x82\x7f\xb9\x66\xe4\x81"
	"\xd5\xbd\x64\x7e\xe0\xf9\x8e\x96\x29\x01\x35\x2f\xf5\x67\xef\x67"
	"\x51\xc2\x44\x02\x37\xb8\x4d\xa1\x1c\x41\x2c\xd8\x79\x2e\xa8\xee"
	"\x1b\x6d\x44\x07\xdd\x6c\xaa\x4a\x5a\x4a\x76\xc2\x72\x06\xfa\xa2"
	"\xca\x71\xdd\xe4\xd8\x96\x16\x59\x27\x85\x1c\x5d\x8f\x10\x32\xe8"
	"\xe1\x28\x20\xc1\xc2\x40\xe0\xcb\x9d\x38\x34\xb9\x2c\xbf\x6f\xaa"
	"\x49\x49\x42\x15\xf2\x3c\x7d\xd1\x51\x35\x1b\x4d\xc0\xc6\x25\x26"
	"\xc5\x42\x70\x42\x27\x37\x48\x5e\xcb\x0e\x9c\xd7\x43\xf9\x65\x0d"
	"\xb6\x88\x1f\xe7\x11\x10\xda\x00\xf0\x4c\xaf\x84\x27\x7b\x19\x2b"
	"\xe3\xde\xa7\xc8\x27\x79\x4e\xe7\xb3\x76\xc0\x3e\xc5\xcf\xe9\x2c"
	"\x75\x9f\x97\x37\xc7\x87\xf9\x37\x08\x19\xfe\x74\xf9\x0c\xae\xd7"
	"\xfe\x31\xb8\x33\x07\xaf\x42\xef\xbd\x07\xc7\x7f\x3e\xfd\x7c\x97"
	"\x9f\x7a\x7b\xfa\xf9\xc7\x88\x32\x5c\x86\x60\x5b\xe1\x99\xb5\xa0"
	"\xda\x85\xab\x68\x1a\xbc\x51\x4e\xcc\xca\x32\x83\x9e\xeb\xb7\xef"
	"\x7f\xfd\x44\xed\x28\x95\x6b\xd1\xc9\x4b\x35\xfc\x1c\xdd\x90\x6a"
	"\x69\xbb\x1d\xcc\xbe\x62\x16\xbc\xa5\xa7\x81\x4f\x79\xcc\xad\x7f"
	"\x8f\xe0\xca\x7b\xfc\x91\x21\xdc\xac\x07\x31\x22\x1a\xda\xce\x41"
	"\x37\xe7\x61\x5f\x5e\xbf\x7d\x42\xfc\x69\x0f\xf9\xab\x13\xcf\xed"
	"\xf5\xf8\x50\x5d\xcd\x91\x05\x7a\x72\x7e\x9e\x39\x82\x19\x93\xb1"
	"\x35\xd3\xd3\x8f\xf9\x15\x3c\xd8\x08\x3b\x44\xee\x42\x49\x85\x0c"
	"\x0f\xe6\x34\xf4\x96\x39\xa9\x66\x1a\xbf\x63\x9a\x3c\x40\x98\x65"
	"\xb2\x09\xa0\x8e\x22\xe4\x80\x38\x03\x99\x9e\x71\xee\x10\x71\x4c"
	"\xcc\x55\x78\x96\x27\x76\xc4\xa9\xc4\x04\x13\xf8\x6b\x07\x26\x1b"
	"\x02\x52\x34\xeb\x38\xb2\x23\x8b\xe3\x31\xc9\x6c\x95\x85\x7b\x59"
	"\x63\x5d\x81\xa0\x26\x2c\x12\x05\xeb\x06\x14\xc0\x3c\xfc\xb5\x13"
	"\x14\xaf\x7c\x47\xdf\xf6\xf3\xda\xd1\x20\x16\x87\x41\xe8\xc6\x84"
	"\xa1\xeb\x5b\xed\x26\x8c\xb6\x0e\x50\xca\x1d\x80\xba\xf1\x03\xdf"
	"\x8e\x29\xf3\x8b\x40\x98\xef\x0d\x03\x01\x4a\x60\x57\x72\x7c\x6e"
	"\x78\xe7\x73\x80\x44\x75\x21\x17\x72\x75\xa0\x4e\xe5\x31\x71\x8c"
	"\x6c\x25\x39\xcc\xca\x31\xae\x2c\xe8\x44\x75\x4a\x0f\x58\x20\x98"
	"\x1b\xb2\x15\xce\xef\xa5\xa4\xf6\xfd\xd6\x31\x01\x12\xa3\xd7\xf1"
	"\x7b\x6f\x93\xb2\xea\x62\x2f\xf4\x1e\xb9\x93\x62\x7b\x28\x4b\x93"
	"\x1c\x0f\x82\x8d\x6b\x0f\xbd\x63\x9a\xdc\xe7\x09\x16\xf5\xf1\x8e"
	"\x09\x33\x07\x00\x79\xad\xb9\x01\xd2\x2a\x41\x2c\x83\x6e\x90\xfd"
	"\x0e\x51\xd9\xbb\x23\xb0\x00\xcd\x1a\xa2\x63\x2e\xd0\x89\xca\xa5"
	"\xcf\x10\xdf\x44\x37\x98\x3a\x8d\x93\xd4\x81\xe2\x34\xcb\x2f\xb4"
	"\xc4\x42\xf8\xde\x70\x82\x21\x3c\xfa\xfe\x3d\xa5\x82\x61\xc7\x5c"
	"\x48\xd3\xd0\xca\xf1\x29\x46\xf6\x4a\x13\xca\x51\xf1\x9a\xa4\x79"
	"\xd5\x24\x0b\x50\x09\x41\x54\x8f\xee\x30\x08\xb8\xe1\xec\x82\x0b"
	"\xcd\xe4\x0f\x3b\xe8\xe5\x90\x97\x87\x93\x63\xaa\x10\x1e\x79\xbe"
	"\x6f\xc7\xc0\x36\x7f\x32\x46\xb0\xba\x41\xda\x9a\x4c\xb4\xdd\xb5"
	"\x64\x79\xd6\xc1\x28\x73\x07\xed\x37\x6a\xcd\x15\x1d\xd3\xea\xb8"
	"\xe3\xda\x26\x45\xd7\xaa\x0a\x29\x3c\x39\x8d\xf5\xbf\xfb\xfb\x9f"
	"\x34\x4f\xa7\x15\x9e\x92\x68\xad\x09\x4e\x13\xd2\x5e\x4c\x25\xd8"
	"\x09\xe1\x40\x4a\x79\x02\xdd\x1b\x69\x47\x08\x6d\xac\x1b\x58\xdd"
	"\x68\x86\x5b\xdc\x39\x8c\xe7\x0d\x25\x85\x9c\xad\xf2\xbc\xb3\xc2"
	"\x9b\x0a\xcc\x95\xa7\x52\xd8\x98\x5c\x74\x4d\x12\xc1\x5e\xb1\x86"
	"\x28\x04\xba\xda\xd0\x14\x41\x32\xbe\x89\x11\x2f\x3a\x3a\x6e\x13"
	"\x6f\x36\xcb\x60\xdb\x05\xb0\xd4\x8d\x69\x7c\x2f\xf0\x51\xf7\x37"
	"\x1a\x14\xee\x30\x3a\x86\x84\x24\xd0\x90\x27\x79\x6e\xa1\x6d\x4a"
	"\x1b\x27\x34\x39\x05\xbe\xe7\x87\xcb\x70\x81\xbb\xcd\xf0\x42\x54"
	"\x95\x79\x47\xd3\x32\x0e\x91\xd3\x8e\x86\xbf\xc6\xa9\x60\x7b\xdf"
	"\xf7\x16\x40\x85\xe0\x35\xae\x6a\xf9\x88\x5d\x2d\x03\x67\xd7\x92"
	"\xd4\x88\xe9\xe8\x14\x77\x20\xac\xe6\x07\xba\xa0\xc4\x3c\x17\xd4"
	"\x0d\xda\x93\x82\xb4\x0b\x61\xc3\x5a\x71\xa3\xdb\x34\xc4\x34\x90"
	"\xa7\xb8\xdd\xe9\x03\x15\xfc\xe4\xc4\xed\xab\x2a\xa3\xee\x4a\x1e"
	"\xe4\xf6\x86\xc4\xcf\x99\xc2\x68\x41\x03\x2c\x5c\xcc\x14\xc7\xd7"
	"\xfc\xba\x59\xfb\xee\xda\x9d\xca\x97\x05\xa3\x71\x14\xbb\xc0\x0f"
	"\xdc\xeb\x3a\xc7\x76\x43\x1d\xe4\x9e\x29\x8a\xa3\x75\x17\xd4\xc6"
	"\xfe\x11\xbb\x84\x01\xc8\x03\xbb\xef\xc7\x0b\x8a\x94\x87\xf6\x68"
	"\xc9\x24\x60\x8c\xfb\xfe\xca\x0d\xcb\x8b\x1d\xe1\x1d\xa3\xf5\x02"
	"\xac\xfa\xe1\x9e\x08\xac\x5d\x9f\x8a\x4e\x70\x77\xab\x69\x99\xb7"
	"\xd4\xdd\xe5\xec\xb8\xf1\x03\x27\x4a\x0a\x19\x0c\x9c\x7d\xba\x47"
	"\x39\x13\xdd\x4e\x44\xad\xe7\xde\x34\xd4\xff\x1b\xba\x3f\x88\x65"
	"\xd0\x0b\x75\x4f\xb2\x85\xdc\xfb\x92\x09\xa5\x8a\xb2\x64\xf6\xa8"
	"\x57\xd9\x8a\xd5\x15\xa7\x22\x5f\x56\x53\x2a\x05\x71\xf7\xd6\x20"
	"\x07\x51\x71\xa7\x6a\x09\x32\xf0\xbc\xd5\x42\x5c\xb4\x10\xe7\x5e"
	"\xd7\x0d\xeb\x10\xc7\xf6\x1a\xd3\xa1\x45\x4e\xb2\x05\x30\xbe\xa8"
	"\xbf\xb9\xf0\x83\x30\x58\x00\x63\xbb\x25\x95\x3b\x35\x2b\x6f\x09"
	"\x6a\x27\x8f\x7f\xb8\xcf\x3d\x0d\xdc\xc6\xeb\x68\xc1\x60\xd4\x7c"
	"\x1d\x79\x1b\x37\xd3\x7e\xc9\xc5\x3a\x08\xdc\xf3\xe5\x05\x17\x60"
	"\xb4\x41\xab\x0e\x6c\x38\x76\x84\x0b\x7a\xd1\x0d\x81\x5d\x5e\x29"
	"\x99\x64\xbc\xfd\x1f\xd0\x02\x79\x7d\xd7\x76\xd3\x05\x23\x58\x8a"
	"\x70\x8d\x69\x9c\x0f\x77\xa3\x2a\xc4\x45\x99\x61\x3e\x15\x53\xf0"
	"\x3a\xbb\x8c\xbf\xee\xaa\x14\xde\x48\xd2\x43\x17\xae\xa3\xf8\xb4"
	"\xa4\x01\x1d\x33\x3d\x26\x18\x0b\xc5\x8e\xd9\x5c\xa8\x82\xce\x51"
	"\xe0\x2f\x18\xb1\x1b\x76\xd1\x6c\xed\x0f\x22\x5d\xd2\x14\x4b\xa1"
	"\x7b\xd1\xc6\x0b\x0e\x2e\x10\x9e\x0b\x4e\xad\xd8\xa5\xec\x7c\x0c"
	"\xa3\x20\x54\xaf\x6d\x59\xb1\xa8\xde\x90\xe5\xd7\xaf\x5f\xff\x53"
	"\x96\xb3\x18\x7c\xc3\x18\x83\x33\x4d\xa1\x2d\x25\x15\xa3\x7d\xd2"
	"\x2e\x27\xe2\x34\x7d\xd6\xd1\x39\x83\x0a\x73\x06\x57\x71\xdd\x9e"
	"\xb0\xbc\x1b\x02\xc0\x99\xce\xce\x15\xeb\xed\xcf\xf4\xab\x23\xaa"
	"\xeb\x8c\xf7\xa9\x52\x12\xf2\x57\xb6\x39\xdd\x0b\x2d\xa9\x5c\x4b"
	"\xe8\xbc\xed\x81\x09\x23\x3e\xe2\x90\x78\xb8\x59\x0f\x5b\x4f\xf2"
	"\x03\x81\xdd\x24\xf6\xa8\x43\x22\x6a\x4b\x10\xb4\x61\xa1\xb1\x78"
	"\xbb\xf2\xbb\xfa\xd2\x60\x77\x76\x37\x1c\x28\x82\x9e\x69\xd2\x20"
	"\x2e\x8c\x7a\x9c\x72\xcc\xab\xc2\x11\x76\x33\xc3\xbd\x9e\x2c\x28"
	"\xe8\xa2\x03\x37\xb1\x3d\x69\x30\x12\xaf\xac\x3d\xb0\xaf\x03\x62"
	"\x25\x83\x1a\xb1\x3c\x86\x63\x4f\x3e\x77\x54\x96\xa7\x55\x66\x85"
	"\x11\x59\x67\x88\x35\x25\xf2\xc0\xfe\x54\xc1\x6b\x08\x8f\xab\x90"
	"\x36\x60\x2b\x3e\x6c\x6d\x3d\x0d\x9d\xc7\x88\xb5\x8c\x6b\x4e\x50"
	"\x5d\xb9\x1e\x91\x32\xdf\xb3\x7d\x05\x1c\x9f\x14\x30\x92\xc3\x70"
	"\xa0\x03\x7a\x1a\xdf\xba\x0c\x9d\x67\x6b\x45\xba\x8b\x23\xc4\xad"
	"\xd7\x80\xb8\x30\xf7\x10\x01\x48\xcd\x39\xd7\x30\x36\x95\x20\xcd"
	"\x15\xcc\xef\x5c\xa3\x99\xb5\x45\x68\x5d\xa7\x94\x71\x59\xfd\x93"
	"\xb5\x73\x09\x2a\x59\x0e\x2f\x77\x2a\x24\x18\x2c\xd0\x8e\x34\x0d"
	"\xb1\xad\xac\xac\x39\x07\x6b\xaf\x5d\xb0\x2c\x14\x72\x1d\x2d\x46"
	"\x6e\x4c\x48\xbd\x33\x2e\xf1\x7a\x3b\xc2\x0c\x2c\x6d\x4a\xee\x32"
	"\xb2\xb7\x75\x8a\x02\x07\x1b\xd7\x7c\x1a\xd8\xb4\xe9\x71\xae\x61"
	"\xf4\xf1\x9a\x42\x7f\x4e\x55\x77\xa6\x75\x43\x4b\x31\x8d\xb6\x77"
	"\x4b\x04\xf7\xbb\x9a\x89\x9e\x4e\x92\xdb\x76\x66\xd4\xd2\xbe\xa3"
	"\xfa\x0d\x13\x2b\x63\xd8\x4e\x67\xc5\xa8\x17\xc9\xc3\xeb\x8f\x4f"
	"\x2a\xb2\x1f\xfd\xad\x7a\x1a\x7d\xb8\xde\xce\x2b\x8d\xfe\xae\xa6"
	"\x12\xe0\x6f\xd4\xff\x44\x8f\x80\xc8\x87\x47\xcc\xe9\xa5\x42\xd4"
	"\xa9\xdc\xae\x03\x93\x8a\xaa\x22\x17\x34\xa9\x75\x7d\x86\x3e\xbd"
	"\x21\x17\xdb\x67\x7b\xdf\x2d\xb3\x82\xe7\x5f\xe6\x01\xc3\x1c\xc0"
	"\x0d\xc5\x34\xa9\xa3\x0c\x52\x27\x76\x40\xff\xee\xc8\x31\x95\x40"
	"\x54\xd4\x82\x7d\xdd\xe8\x0a\x3d\xfd\xe3\xf5\xc7\xeb\xc7\x9f\x6f"
	"\x3f\x26\x41\x18\xc6\x8d\x5f\xf7\x53\x76\x36\x29\x3a\x0a\xf0\x19"
	"\x56\x9c\xf8\x01\xbc\xd3\x91\x42\xf9\x93\x9e\xa8\x1c\x96\xb4\xdd"
	"\xc6\x5d\x2d\x74\x93\xa7\xde\xdd\xa7\x4a\x46\x9b\x2a\xcb\x2a\x7b"
	"\x17\xc2\x19\xe6\xa7\xb5\xac\x5e\x2a\xcc\x26\xb7\xdb\x73\xe4\x68"
	"\x0e\x51\xfd\xa4\xa0\x66\x8c\xdf\xa9\x5c\x48\x9f\xfb\x76\xcf\x93"
	"\xba\xc1\xd1\xd3\x9d\x54\x64\xe0\x01\x1b\xf4\x53\x20\xbc\xa4\x1e"
	"\xdd\xf1\x3c\x8b\x96\x32\xc4\x68\xfa\xf1\xf9\xf5\x8b\x49\x8f\x63"
	"\x68\x71\x1c\xe8\x9b\x7c\x1f\x92\xe3\xfd\xdb\xbf\x14\xe1\xcf\x3e"
	"\xbb\x72\xec\x64\xf0\x30\x36\x94\x01\x4b\xa4\xab\x0b\xcf\xf7\x6c"
	"\x7d\x7b\x43\xf9\x36\x94\x8a\xe0\x93\x2a\x9e\xcd\x3a\xb0\x20\x98"
	"\xab\xbb\xce\x33\xc8\x03\x73\x88\x7a\xe2\x9c\x42\x5a\x1b\x04\x22"
	"\x4f\x17\xb3\x9b\x08\x1d\x31\xe8\x28\xcd\x33\x7e\x40\x06\x7d\xfc"
	"\x34\x67\x78\x91\x10\x39\x7a\x9f\x4f\x4d\xa4\x67\x04\x88\x4b\xb0"
	"\xeb\x54\x40\x5a\x3a\xb3\x26\x9d\x01\xfb\xc0\x47\x06\xc7\x60\x68"
	"\x8e\x85\xd8\x83\x75\xbd\xf0\x34\x2d\x11\x33\x8a\x1b\xc2\x5f\x53"
	"\xbe\x69\xad\xbd\x3f\x30\xbb\x0f\x82\xec\xd1\x10\xe0\x3a\xd4\x05"
	"\xa3\xbb\x76\xdd\xae\xad\xb3\x62\x30\xd2\xa8\xb9\xb3\x30\x82\xf8"
	"\x87\x1f\xc8\x4d\x1d\xd8\xc8\x3b\x5e\x74\x45\xed\xfa\x46\x0a\x26"
	"\xa8\x2a\xe0\x2b\xdd\xd3\x54\x2e\xef\xc6\x86\x06\x8f\xa0\x58\x74"
	"\x4a\x60\x1c\x6a\xab\x34\x9f\x4d\x0f\x67\x79\x8c\x48\x11\x7f\x79"
	"\x35\x83\x39\x57\x66\x85\x39\x6a\xf0\x45\x6e\x5a\x65\xa6\xeb\xa4"
	"\xde\x12\x55\xa4\x10\xb9\x19\x98\x83\x36\xdd\x61\x30\xab\x7a\x76"
	"\x3c\x89\xbf\x71\xa3\x3e\x7a\x5a\x22\x75\x0d\x4e\x65\x1e\x79\xdb"
	"\xe0\x0c\xf6\xa3\x61\x3b\x99\x78\xd6\xbf\xd8\x42\xde\x8a\x54\xfe"
	"\xa9\x19\x12\xed\xf6\x8c\x1e\x0d\xe4\xdc\x29\xae\xb3\x01\x18\xdc"
	"\xdd\xbd\xfe\x3e\x09\x66\x34\x16\x45\xc9\x5e\x85\x0a\x99\xf8\x46"
	"\x84\x24\x15\x94\xe9\xc4\x13\x3d\x79\x77\xc9\xba\xa4\xa1\xd9\x3e"
	"\xef\xd2\x59\x5c\x74\xe8\x3b\x88\x3b\x92\x9e\xeb\x0c\x09\x45\x4f"
	"\x32\x5e\x37\xf5\xcc\xa5\x9d\x4a\x42\x1d\xc2\x42\xb6\x26\x4b\x34"
	"\x06\xd3\x24\xd1\x2c\x94\x8a\xd9\x0c\x4b\xc2\xe0\x80\xc0\x07\x63"
	"\x03\x93\xed\xff\x30\x3b\x9a\x13\x17\xca\x73\xfc\x3c\xc8\xb2\xda"
	"\xef\x6a\x5a\xe7\xa6\x88\x51\xfd\x84\xc7\x29\x96\x60\x53\xe3\xca"
	"\x1a\xa3\x4d\x3d\x00\x86\x3d\xf6\xa4\x22\xcd\xf6\x3a\x6d\x41\x6a"
	"\xd0\x34\x9c\xc6\x0c\x96\x3f\x3a\x75\x6a\xa6\xe5\xae\xd2\x93\xe1"
	"\x3a\x9b\x88\x59\x9a\x1c\x74\x2d\x26\x2b\x24\x32\x65\x0d\xd1\x1b"
	"\x9f\xfe\xf5\xe5\xe7\xe7\xef\x5f\xde\x7e\xc9\xe9\x0b\x1f\x57\xd1"
	"\x02\x0d\x3b\x2d\x64\x23\x4d\xd2\x1f\xc6\x52\x08\x57\x93\x97\x88"
	"\xef\x87\xe1\x0b\x16\xe9\xf0\x06\x90\x7f\x5b\x11\x85\x48\x57\x21"
	"\xf2\xe6\x30\x62\xea\x94\x6c\xa3\x95\xbf\x00\xf3\xcb\x8e\xa1\x65"
	"\x2a\x90\xeb\xb4\x11\x83\x59\x22\x03\x3d\xcb\x97\x96\xc2\x8a\x36"
	"\xad\x0b\xd3\xfa\x01\xc4\x10\xab\x1b\xce\x58\xfa\xa8\x91\x62\x5f"
	"\x25\xf7\x68\xe9\x30\x5a\x37\x81\x03\x02\xb4\xcc\x42\xbd\xd4\xe9"
	"\x13\x67\x90\xfe\x07\x04\x68\xb9\xc7\xf7\x35\x9d\xc5\xfa\xe2\xa9"
	"\x1f\x85\x11\x5a\x73\x45\x5f\x87\x76\x7a\x6b\xa1\xb3\x6c\x13\xad"
	"\x6d\x64\x70\xdc\x88\xd2\x29\xf6\xd2\xa7\x88\x1c\xbb\x4c\x93\xc4"
	"\x9a\xd2\x76\x85\x52\x4b\x75\xfd\x1e\xa0\x74\x4e\x79\x14\x6d\x23"
	"\x1b\x7d\x8d\x98\x4d\x0d\xe4\xed\x1a\x9f\xe4\x67\xc4\xf8\x67\xa0"
	"\xcd\x9e\xe1\xef\x2c\xe2\xef\x3f\x7f\xbe\x7d\x7d\xfa\x0f\x04\x9e"
	"\x1e\x22\xb2\xfe\xe3\xab\x1c\xe6\x2f\x7f\x3f\xbd\x7d\xfd\xcf\xdb"
	"\xa7\x4f\x6f\x9f\x9e\x7e\x1b\x50\xff\x92\x67\x69\x08\xd5\xfa\xcf"
	"\xf9\x80\x0f\x8e\x08\xd1\xef\xa7\xa0\x8a\x6e\x5d\xc4\x59\xce\xe9"
	"\xbe\x54\x51\xee\x4d\x7e\xfc\x51\x2c\x62\x69\x03\xb0\x9c\xe5\x67"
	"\x7c\x30\xac\xb5\x29\x2b\x46\x32\x7a\x44\xe9\x15\xae\x4f\xa9\xa6"
	"\x49\x4a\x6c\xd1\x08\x00\xa2\x3c\xcc\x0c\x07\x66\x2d\xef\x33\x12"
	"\x8e\x12\x68\xcd\x31\x6c\x2d\xd3\x83\x09\xc4\xcf\x2e\x90\x07\xaf"
	"\x03\x78\xfe\xfe\x0c\xf9\x18\xec\xeb\x97\x3c\x8e\x7c\x93\x82\x93"
	"\xc4\xfc\xd6\x73\x81\xd7\x4f\xaf\xdf\x7f\xe2\xab\x3f\xa3\x15\x98"
	"\x6c\x9c\x02\xbc\x32\x43\x1c\xd0\xae\x40\xdf\x76\x55\x73\xab\xa4"
	"\x12\xbb\xd3\xcb\x4b\x57\x71\xba\xc3\x5b\x46\x60\xcb\x3e\xe3\xf3"
	"\x45\xd0\xf2\x3a\x8f\xb2\xa4\x2a\x5d\xfd\xfc\xa3\xdf\xab\x86\x86"
	"\x4d\x16\xc1\xbc\x51\x70\xae\xb0\xcc\x26\x2e\x4e\x09\x4e\x2c\xc8"
	"\x39\xb7\xcc\x66\x78\x8f\xc0\x83\x26\xde\x20\xc0\xb4\x1d\x90\xc4"
	"\x68\xdb\x4b\xc3\xe9\xa6\x1f\xa6\x43\x4c\x6b\x6d\x0e\x8e\x67\xf2"
	"\x5a\x0f\x5e\x51\x53\xf4\xa4\x05\xb4\xbe\xa0\x79\x0e\xa3\xf0\x5e"
	"\xd3\x27\xf6\xfa\x27\x4c\x9b\xf4\xbe\x7f\x18\x82\x08\xab\xc8\x44"
	"\x4a\x30\x32\x0b\x0d\x40\x6e\xfb\x00\x46\xbd\x47\x2b\x14\x66\x73"
	"\x1f\x02\x74\x1b\xd3\xea\x1b\x3e\xb2\x19\x14\x82\x32\x11\x20\x82"
	"\xb0\x84\x46\x68\x93\xf4\xaa\x9f\x99\x28\xbd\x2e\xbc\x20\xc0\xa9"
	"\x2d\x09\x30\x49\x54\x92\x47\x9f\x02\x28\x60\xc6\x67\xa6\x14\x13"
	"\x6b\x02\x82\x94\x7f\x63\xb9\x45\x79\x78\xa5\xac\x4c\x06\x00\x2d"
	"\x3c\x81\xe1\xd4\x07\x16\xa4\x91\x5f\xae\xe5\x33\xab\xbb\xfd\xf3"
	"\xac\x57\x6f\x13\xac\xfe\xf1\xfe\xf3\xfd\xe3\xfb\x97\x61\xa6\x4d"
	"\xaf\x4c\x6b\x35\x65\x66\x86\x25\x90\x0a\xa1\x73\x21\xc0\xef\x43"
	"\x04\x4a\xbd\x61\x45\xbe\x0e\x5a\x0f\xa5\x3f\x2c\xf1\x1b\x8d\x69"
	"\xab\x4b\xca\xa4\xc0\x49\xe4\xbf\xea\x0c\x6c\x21\xf5\xeb\x4e\x93"
	"\x4e\x39\x35\xfa\x2c\xe0\xba\x83\x02\x43\x34\xcc\xfe\x10\x57\xf3"
	"\xa7\x8f\x5f\x3e\xf7\xb1\x08\x1f\x4f\xe5\x90\xb1\x17\x2f\xba\xa3"
	"\x92\x7e\x11\x0f\x07\x37\x94\xba\xbf\x73\x81\xe6\x0b\xe4\x56\x93"
	"\xdf\xdf\xbe\xbd\xfd\x78\xfd\xf9\xfe\xe3\xf1\xb0\x29\x6a\x59\xcf"
	"\xf7\x8f\xff\xff\x28\xbd\x48\x52\xe7\x47\x71\x2c\x4b\xaf\x94\x32"
	"\xfd\xd4\x16\xac\x77\x9e\xf3\x04\xf6\x49\x65\x2e\x2e\x55\xa3\x1c"
	"\x72\x28\x49\x9e\x0b\xc2\x20\x78\xfc\xd4\x28\xec\xf5\xd3\xa7\xcf"
	"\x60\x2a\x26\x77\x36\xf5\xb5\x3f\xff\x3d\xf9\x4e\x7f\xf2\x9e\xb8"
	"\x82\xa0\x65\x2f\xe8\x4c\x00\xf2\x7f\xf7\x04\xf0\x3f\xdd\x80\xfb"
	"\xe4\x1b\x61\x22\x7b\x03\x67\xb6\x1d\xe6\x07\x1a\x9c\x5b\xad\x74"
	"\x96\xd6\x41\xc8\xbd\xd8\x0a\x82\x60\xa3\x46\xd9\xf5\x06\x68\xfd"
	"\xc8\x9b\xb5\x45\x95\xce\xf5\xe8\xac\x63\xa5\xea\xe7\xd8\x5b\xaf"
	"\xec\x15\x07\x4c\x6c\xc7\xd0\xfa\x79\xe5\xf9\x5b\x17\xc6\xf9\x2d"
	"\x85\xd9\xd8\x31\xb2\x29\xf1\x1a\xb9\x31\x9b\x62\xb6\x2e\x0c\xb8"
	"\x76\xf0\x23\x67\x39\xed\x82\xfa\x6c\x11\x2b\x26\x0d\xb3\x5d\x50"
	"\x4e\xb8\x59\xf0\xad\x05\x98\xed\x92\xfa\xc4\x96\x89\xa4\xf6\x09"
	"\xc5\xb7\x80\x67\x99\xe6\x4e\x8f\xe0\x49\x8f\xb0\x4f\xdb\x8c\xc5"
	"\xab\xc8\xf2\xb5\x63\xa5\x5b\xfd\x8e\xe9\x05\x15\x95\xb5\xe4\x82"
	"\xec\x2b\x44\xb1\x61\x84\x24\xf2\x24\x41\xec\x6b\xf3\x78\x20\x1f"
	"\x72\x7b\x0b\xd2\x53\x42\x5c\x6d\x9c\xcd\xca\x91\x7b\x48\x2e\xa9"
	"\x39\xfe\x1a\x12\xd4\xfd\x18\x84\xd6\x91\xad\x64\x52\x5c\x8f\xfc"
	"\xe0\x76\xd1\xb4\x1b\xad\xeb\x66\x59\x68\xf3\x3c\xf7\x30\xdb\x73"
	"\xa0\x39\x2b\x9e\xe4\xeb\xe3\x1f\xde\xee\x71\xde\xbe\xbe\xff\xf8"
	"\xfb\xe9\xeb\xeb\xf7\xef\x52\xf6\x53\xd9\x0c\x87\x62\x95\x6f\xb3"
	"\x6a\x7b\xbf\x6a\xe6\x57\xb3\xfa\xf6\xf8\x87\xd3\xb3\x0b\xa9\x13"
	"\x9c\xbc\x13\xf0\x0f\xf6\x1c\xa3\x20\x37\xde\x6b\x93\x1b\x7b\x64"
	"\x83\x1e\xd8\x14\xfd\x50\x5c\x32\x9c\xca\x92\x78\xcd\x11\x6d\xbd"
	"\x1e\x20\x37\x25\x44\x7a\xeb\x1f\x1e\x0b\x0f\xd1\xbc\x1e\x07\x21"
	"\x45\x26\xaa\xa2\xb7\xd0\x50\x0b\xd9\x2c\xbf\x81\x8c\xaf\x5a\xfd"
	"\xf6\xeb\xbb\xdc\x1b\x4d\xa3\x68\xb3\x4d\x1d\x00\xa5\xa5\x59\xca"
	"\xda\xd1\xf3\x1c\x80\xc0\xd2\x71\xea\x4e\x2d\xb4\x02\x40\xfd\xc3"
	"\x02\x10\x35\x4d\x83\xd8\x7f\x7c\xfe\x63\xbb\xec\xb1\xf9\xc3\xa5"
	"\x16\x75\x75\x4c\x22\xe2\xd6\x5a\x2b\xda\xa9\xc0\x03\x08\x6b\x1f"
	"\x41\x79\x8f\x42\x62\x62\xf7\xfa\x26\x59\x1a\x06\x7e\x6b\x3c\xd5"
	"\x3a\x2a\x29\xd7\xa0\xbf\x5e\x59\x7b\x1f\xa2\x07\xb6\xae\x01\xb4"
	"\xcc\x4c\x96\x86\x61\x1c\x5b\x46\xb8\xa6\xbc\x42\x22\x5d\xf6\x73"
	"\xb3\x21\xfe\xca\x0b\x1f\x2d\xca\xa5\x50\x8e\x37\xef\x62\xae\x52"
	"\xaf\x0e\x46\xce\x26\x51\xb7\xa7\x29\x3b\x70\x6d\xb3\xb8\x27\x2b"
	"\xc7\x23\x5c\x24\x96\xa2\x7b\x1c\xca\x2a\xe6\x20\xf8\xaf\xc0\x9e"
	"\xc4\xa6\x60\x86\xbc\xaf\x4e\x31\x6a\xcb\xac\xb1\xfd\x6a\x02\x2c"
	"\x44\x1a\x6c\xa3\xc0\xde\x07\x0f\xf1\x2e\xa7\x34\x43\xb5\x0d\x28"
	"\xc5\x75\x26\xa7\xc5\x09\xa9\x67\x58\x58\xf1\x3d\xb5\x4f\xaa\x76"
	"\x3b\x2c\x6a\x0a\x60\x9a\x5c\x45\xe1\x05\xc5\x49\xb4\x36\xa0\x66"
	"\x59\x5c\x1f\x3f\xd6\xa7\x5b\x3c\x6a\xd4\xe0\x10\x12\xa0\x68\x40"
	"\x2b\xd8\x3c\x48\x96\x76\x09\x11\x72\xaf\xba\x22\x9e\xf4\xb8\xb0"
	"\x14\x03\x6f\x23\xe0\x94\x13\x58\x29\xc6\xe4\x87\xe2\xbb\x8c\x07"
	"\x1b\x64\x31\x69\x90\x05\xa5\x04\x56\x48\x91\xef\xab\x2e\x3f\x87"
	"\x56\x10\x4f\xb8\xb5\x45\x18\x7d\x0c\xab\x88\xd1\xc7\xf2\x93\xe7"
	"\x00\x0d\xf4\x3b\x62\xc0\xfc\x66\xe3\xad\xbc\x25\xa0\xc0\x5a\x5b"
	"\xca\x6b\x00\x59\x31\xb2\xa0\x78\xeb\x85\x56\x4c\x51\xc7\x1b\xc4"
	"\xac\x69\x84\xa0\xfc\xe1\xfe\x1d\xd5\x43\xf6\xef\x88\x34\x5c\x47"
	"\xbe\x15\x93\xe5\x22\x4f\x85\xf2\x16\xd4\xfa\xab\x35\xf2\xf0\x31"
	"\xa2\xfb\x33\x37\x4b\x12\x2b\x4a\x8e\xca\xca\x8f\x5a\x37\x06\x73"
	"\xfe\x32\xc1\x04\xd1\xc6\x89\xd9\x20\xaf\x41\x13\x4c\x14\x3b\xbe"
	"\x25\x1b\x15\xae\x36\xd6\x39\xb2\x27\xa7\x7d\xde\xb3\xc6\x95\x7d"
	"\xf9\x34\x22\xf2\x42\xfb\x1c\x68\xc4\x76\x15\x45\x0f\x7b\xd6\xf3"
	"\x5f\xaf\x5f\x3e\xbe\x7f\xfd\xfa\x24\xde\x3e\xfe\xf1\xed\xfd\xcb"
	"\xfb\xef\x9f\xdf\xfe\xfc\xbf\x27\xfa\xed\xe3\xbf\x95\x3a\xd8\xef"
	"\x6f\x3f\xd4\x25\xc4\xee\xaf\xb7\x2f\x4f\xfb\xd7\xbf\x7e\x7f\x33"
	"\x5d\xb7\x28\xc5\x66\xd9\x22\x13\x03\x1f\x69\x91\xe6\xe5\x68\x4c"
	"\xc4\x15\x27\xef\x90\x9a\x5f\xb1\x10\xa1\x77\x10\x3b\x95\xc8\x53"
	"\xd7\x88\x29\x30\x7b\x26\x05\x38\xb3\x2e\x61\x1c\xa7\xcb\xe3\x68"
	"\x4e\x9a\xb1\x3b\x11\xc7\xa6\x89\x1f\xc6\xad\x1b\xb3\xf5\x06\x4c"
	"\x57\x9f\x58\x0d\xed\xc3\xb1\x91\xdf\x5b\x64\xb9\xca\x5c\x7b\xb7"
	"\xa1\xde\xed\x2d\xc5\x45\xfd\xed\x9e\xa9\xc0\x69\x73\x9f\xcb\xea"
	"\x5c\x3d\x0e\xd9\x4e\xed\x31\x21\x96\xab\x27\xaf\x1e\xb2\x3d\x9b"
	"\xae\xdc\x0f\xc5\xda\xf7\x7d\xfd\xbe\x5d\xf5\x4e\xbc\xa0\x07\xe3"
	"\x4e\xf9\xbe\xb9\xf5\x23\xd2\x85\xbb\x53\x5e\x0c\xeb\x08\x58\xf7"
	"\x4b\x84\xec\x66\xff\xa5\xed\xca\x9a\xdb\xc6\x95\xf5\x5f\xd1\xd3"
	"\xad\x49\xdd\x39\x15\xee\xcb\xad\x9a\x07\x88\x8b\x84\x98\x9b\x09"
	"\x8a\xa2\xfd\xa2\xd2\x38\x4a\x46\x55\x8e\x95\xf2\x72\x4e\xe6\xdf"
	"\x5f\x34\xa8\x85\x5b\x03\x9c\xba\x75\x1f\xe2\xd8\xe8\x8f\x40\x03"
	"\x68\x00\x0d\xa0\xd1\x3d\x81\x93\x89\xdd\x14\x1c\x17\xc0\x70\x03"
	"\xc6\x46\x33\x39\xc1\xc0\xa3\x81\xf2\xff\x30\x7c\x6d\xf0\x68\x2f"
	"\x6f\xf4\xb3\x88\x61\xb8\x3e\xe3\xde\xa3\x33\xb1\x89\x49\x8e\xa7"
	"\x97\x05\x3b\xfc\x38\x3e\x9d\x5e\xbe\x7e\x3c\xbd\x9f\x5e\xff\x29"
	"\xbf\xd7\xf5\x26\xf3\x30\x4b\xf3\x3e\x44\xd2\x39\x03\xa0\xa4\xd3"
	"\x39\xc2\xe8\xeb\x28\xed\x9e\x6c\xff\xeb\xf8\x83\xd7\xe0\xfd\xf0"
	"\xfd\x75\x0f\xc1\x34\x95\xf5\xe8\x4c\xde\x22\x84\x6d\xcc\xf5\x0a"
	"\xa1\x02\x79\x91\xee\x74\xac\x6f\xb2\x36\x0e\xec\xd0\xef\xd0\x96"
	"\x54\xc1\x3a\xcc\x41\x69\x69\x38\x43\x58\x03\x14\x62\x27\xe4\xfa"
	"\xe6\x98\xe5\xec\xa3\x3e\x3d\xbf\xef\x7b\x42\xf3\x4f\xfb\xa0\xe4"
	"\xfb\x34\xe4\x00\xb4\x25\xa1\x32\x72\x26\x57\x25\xe2\x89\xb6\x43"
	"\x57\xe5\x01\xef\x49\x90\xcb\xc8\xb2\xe1\x0d\xb8\xdb\x94\x63\x63"
	"\xf4\xf2\xf0\x72\x78\xdb\xbf\x2d\xa2\xe7\xc3\xd3\xfb\xeb\xe9\xe5"
	"\xf8\xf4\xb6\x08\x4e\xaf\xbc\x82\x7b\x38\x42\xff\x07\x6d\x40\x43"
	"\xae\x45\xf3\xb5\x19\x31\x82\xb8\x50\xd1\x5a\x5c\x10\xde\x88\xc7"
	"\x8a\xca\x46\xf4\xf8\x2a\x21\x04\xff\x53\x34\x78\xb8\xa8\x69\xbd"
	"\x9d\xc5\x90\x88\xaf\xb9\x63\x28\x3e\x70\xc6\x58\xc9\xd8\xe9\x6a"
	"\x46\xee\xa4\xfb\x3c\xa0\xf8\x6e\xd3\x5d\x18\x7b\x0e\x36\xc7\x64"
	"\xbc\x1a\x53\xe0\xd6\x7a\x3c\x01\x9f\x13\x78\x9d\x96\xf7\x2d\xf8"
	"\xea\x6c\xb5\xcd\x01\x9f\xa8\xcf\x25\x4d\x9a\x55\x0e\x82\xb3\x89"
	"\x84\xcb\xfd\xf8\xe0\x2e\xb3\x1d\x95\x5c\xfc\xfe\x7d\x98\xb6\x08"
	"\xcf\x58\x5e\x32\x78\x45\x67\x22\xef\xf0\x3b\x10\x6b\x0e\xc4\x53"
	"\x40\x52\x70\x37\x32\x03\x63\xcf\xc0\x38\x33\x30\xbe\x1a\x63\x2a"
	"\xf9\xf1\x0d\x4b\x53\x60\x2a\xde\x82\x6a\x8c\x35\x0b\xa3\xab\x31"
	"\x8e\xa1\xc6\xb8\x33\xca\x72\x15\xed\xcc\x02\xd7\x51\xf5\x17\x2b"
	"\x22\xc4\x41\xdd\x15\x52\x35\x85\x3c\x93\x90\x39\x86\xa6\x40\xe8"
	"\x2a\x4e\xa8\x7d\x07\x6f\x0e\xa4\x98\xd8\xd5\x3d\xcd\x8e\x95\x18"
	"\xcf\xc0\xb4\xdd\x2b\xc8\x36\x5d\x9b\x49\x31\xab\xc4\xd6\x3d\xf4"
	"\xb9\xc0\x15\x63\x68\x2a\x8c\xeb\x68\x44\x85\x90\x4b\x44\x7b\x4d"
	"\x80\xb8\x17\xb9\x80\xd6\x74\xed\xe8\xa6\xbc\x1f\x28\xdc\x00\x6c"
	"\xb1\x88\xe1\x57\x54\xe5\xb9\x52\xc0\x97\xc0\x92\x33\x5c\xe4\xdb"
	"\x52\x37\x14\x42\x21\x36\x4f\xab\x48\x8e\x11\xfb\x5c\x5b\x8d\xf1"
	"\x35\x15\x86\xaf\xb9\xba\x12\x63\xe8\xb6\x1a\x63\x18\x6a\x8c\x35"
	"\x23\x1f\x47\x9b\x81\x91\xf3\x2c\xbc\xba\xe8\x6a\x8c\xa3\x39\xb6"
	"\x1a\xa4\xfb\x6a\x8c\xe3\x29\x31\xbe\xab\x82\x98\xba\xab\x68\x44"
	"\x0e\x72\x54\x53\x86\xc0\x98\xbe\x1a\x63\xcd\x28\xcb\xd6\xd4\x98"
	"\x59\x15\x53\x48\x62\x1a\x14\xa6\x6a\x15\xad\x02\xcc\xb7\xc6\x6d"
	"\xfe\x0f\xd0\x37\x3a\x67\xe9\x49\x11\xeb\xe3\x1b\x40\xb1\xc6\x70"
	"\x80\x32\x07\x5b\x05\x70\x55\x00\x4f\x01\xf0\x54\x4c\x7a\x2a\x26"
	"\x3d\x15\x93\x9e\x8a\x49\xd5\xe4\xc2\x75\x0c\x15\x40\xc5\xa4\x6f"
	"\x1b\xa6\xa5\xc6\x58\xfa\x0c\x8c\xbc\xbe\x45\xe0\xb9\xa6\x62\xea"
	"\x01\x8c\x65\xc8\x9b\x25\xab\xc0\xe2\x36\x2a\x53\xca\x2a\xf4\xf9"
	"\xd3\x19\x1a\x54\x7c\xde\x30\x95\x18\x57\x21\x4f\x1c\xe3\x7a\x9a"
	"\xa1\xc4\xf8\x9a\xbc\x29\xb3\x42\x44\xe9\x52\x34\x41\xec\xd9\x3e"
	"\x72\x3d\x97\x62\xaf\xb9\xae\x5f\x6f\x53\xe5\x82\xcd\xd6\x95\x62"
	"\xb5\xe1\x08\xc5\x4c\xc1\x11\xe6\x2f\x15\x22\x50\xe4\x21\xb1\xd9"
	"\xbf\x2a\x70\x69\xa4\xbb\xa6\x5c\x20\xa2\x34\x18\xde\x80\x4e\x61"
	"\x0c\x5d\x8d\x71\xb6\x86\xa6\x60\x3a\x65\x81\xe5\xa6\xf3\x40\x8a"
	"\xe1\xd9\xc2\x96\xa6\x62\x7a\x67\x55\xc5\x5c\x5b\x55\x62\xea\x38"
	"\xaa\xed\x4f\xa0\x1b\x5e\xe8\x29\x77\x5b\x4c\xd7\x74\x55\x56\xcc"
	"\xf5\x0c\x4f\x8d\x71\x15\xbb\x00\xde\xe2\x9e\x4a\x3f\xcf\x88\xa1"
	"\xf9\x4a\x88\x62\x54\x71\x88\x69\x28\x57\x3f\x57\x3e\x7c\xab\x75"
	"\x1a\x28\x96\xeb\x2a\x2d\x74\xc5\x44\x21\x20\xa6\x1a\xe2\xa9\x20"
	"\x96\x42\x54\x01\xa2\xa8\x72\x4d\x89\xe3\x39\xf2\x5d\x42\x5d\xe9"
	"\x86\x42\xd3\xab\x2b\x88\xa3\x23\x85\x6c\x3d\xd3\x75\xcd\x95\x12"
	"\xe3\xe9\xa1\x12\xe3\xcf\xc1\x18\x33\x30\xa6\x1a\x62\xab\x20\x89"
	"\xeb\xd9\x15\x9b\x81\x72\x32\x65\xed\x1d\xc3\x5d\xc7\x33\x40\x51"
	"\x1f\x75\xb9\x47\x87\x45\x91\xf4\x22\x9e\x9c\x93\xe0\xbc\xa9\xa2"
	"\x0c\x71\x30\x72\x01\x45\x69\x54\xae\xa2\x0c\xfc\x1f\x9c\x0d\x0b"
	"\x76\x61\x94\x90\x87\x5d\xca\xfe\xd0\x86\xe0\xcb\x89\xd2\x20\x39"
	"\x8f\xc7\x69\x10\x0d\x07\x1e\x7d\xc2\x21\x6a\xc1\xc6\xf4\x30\x8a"
	"\xc9\x26\x01\x97\x1d\x35\x44\xdc\x83\x03\x2f\x16\x4d\xd5\xa2\x0b"
	"\x8c\x09\x2d\xf9\x1a\x83\xbd\x20\x98\xfa\x04\x9c\x50\xb4\x3e\x9f"
	"\x67\x7f\x72\xb6\x87\x81\x68\x24\x04\x53\x36\x2e\xdf\xe1\x5c\x4d"
	"\x00\xa5\xf5\x04\x00\x3c\xaf\xd8\x0d\xdf\x58\x4c\xe0\x6e\x95\x1a"
	"\x37\x2c\xd0\x93\x7c\xdb\x5a\x38\x32\xac\x24\x49\x1d\xaf\xa7\xf7"
	"\x9b\x29\xe1\x12\x96\xe2\x17\xc2\xc4\x67\x61\x54\xc7\x65\x74\x2f"
	"\x93\x4b\x79\x8c\x93\xfb\xbc\xa4\xf7\x53\x05\x88\xe3\x48\x12\x14"
	"\x74\x41\xb3\xca\xb4\xb4\x06\xcc\xce\x5f\x7f\xf4\x3c\x58\x74\xc3"
	"\x8d\x0b\x4b\xda\x2a\x4a\x0b\x5e\x4d\x52\xf6\xac\x76\xba\x46\x2a"
	"\x13\x25\x8d\x38\x16\xb7\x53\x02\x9c\x4a\x7a\xa6\x82\xf1\x7a\x31"
	"\xfa\xbc\x5e\x8b\x8d\x99\xec\x47\x45\x17\x5f\x4d\xdd\x66\x56\xf4"
	"\x5c\xe4\xad\x8f\x21\x0d\xe2\xe9\x6c\xc4\xdb\x66\x98\x1c\xfa\x34"
	"\x11\xe7\x65\x22\x7d\x19\x24\xc2\x62\xd8\x1e\x27\x83\x27\xa4\xf6"
	"\x11\xfc\x38\xab\x20\xcf\xc1\xb7\xc4\x28\x08\x31\xd0\x2f\x95\x6e"
	"\xc5\x6c\x17\x06\x35\xeb\xc7\x10\xe2\xdc\xe7\x05\xbc\xca\x1d\x64"
	"\x83\x44\xf4\xbc\xb8\xbb\x9a\x01\x86\x57\x1d\xa2\x46\xbc\x0f\x0b"
	"\xce\x06\xbc\xe3\xae\x12\xa4\x09\x41\x8c\x29\xc4\x47\xaf\xa2\x71"
	"\x7d\x7a\xec\x26\xe9\x5a\xa0\xeb\x30\x94\x70\xd1\xfd\xa0\xad\x3a"
	"\x85\x16\xe7\x99\x87\xac\x18\x66\x19\x34\x3b\x5a\x44\xe4\x6e\x4e"
	"\xad\xba\x8d\x7a\x1f\x17\x65\x3e\x7d\xd0\x77\xb9\x7a\x9b\x7a\x1b"
	"\x03\xae\xcc\x73\xc6\x68\x1b\xd8\xef\xb6\x8c\xf4\x5f\xea\xdd\x62"
	"\x03\x93\x49\x38\x10\xc6\x57\x8c\xf0\x16\xfd\xdb\xc7\xcb\x93\xb8"
	"\x9f\x1a\x85\x43\xbe\xf4\x4c\x1c\x8e\x7c\xa1\x40\x1a\x09\x2a\xcf"
	"\xb7\xec\x69\x95\x43\x00\x98\xe9\x22\xea\xc6\x85\x8c\x1c\xe1\xb4"
	"\xcf\x7b\xc0\xe0\x16\x39\x00\x14\xdf\x93\xca\xf0\x5c\x0d\x7f\x14"
	"\x28\x40\xc2\xff\x5f\x9c\x44\x4d\x80\xb4\xfd\x0d\xb5\x4e\x02\xc4"
	"\x63\x3a\x60\x78\x0b\xda\xbe\x86\x28\xa7\x02\x10\xfa\xb6\xab\xa7"
	"\xdb\x1a\x2f\xa6\x29\x0c\x0d\xf7\x96\x2b\x1a\xba\x84\x67\x9a\x38"
	"\x3d\x05\x4f\x0a\x04\x6f\xb4\x90\xf8\x9a\x89\xf3\x08\x64\xdb\x40"
	"\x1f\xdc\x75\x20\x32\x26\x05\xc4\x96\x92\x91\xe3\xe8\x2b\xd9\x94"
	"\x91\x31\x47\x8c\x82\x9c\x64\x78\xd6\x7c\xfb\x68\x82\xc7\x44\x59"
	"\xfd\x2e\x18\x59\x05\xd7\xd4\xe1\xfa\x36\xfe\x1e\x83\x6f\x88\x77"
	"\x05\x61\x34\x30\x51\x32\xcf\x7e\xe0\x72\xe0\x76\xe1\x5f\x70\x32"
	"\x72\x53\x08\x34\xec\x6d\x3d\x70\xf6\x85\x64\x8f\xbb\x20\xcd\x43"
	"\x2c\x96\x3b\xc7\xdc\xf1\xe5\x11\x29\x1a\xc8\x9e\x57\xa4\x58\x10"
	"\xd5\x1b\xdd\x96\xd3\x1d\xad\x91\xc8\x68\xa3\x5b\x36\x72\x6e\x77"
	"\x06\xb8\xae\x23\x19\xda\x2d\xc0\x73\x14\x00\xdf\x94\x03\x3c\x4b"
	"\x0a\xf0\x7c\xcd\x95\xd3\x0d\x5b\x4e\xf7\x15\xdf\xfb\x1e\x4e\xaf"
	"\x1c\x53\xf6\x79\x94\xc5\x86\xbe\x4c\xa7\xe5\x2f\x7a\x14\x2e\x36"
	"\x0a\x7c\x1a\x91\x52\x6b\xbe\x7e\x95\xc2\xa7\x09\x0a\x29\xa3\x6a"
	"\x83\x12\x8b\x20\xb6\xf9\x10\x9e\x32\xd7\x02\xb2\x78\xbb\x3e\x78"
	"\xec\x04\xe9\x42\x33\x2a\x8b\x14\xf9\x6c\xf2\x91\x94\xe0\x65\x6c"
	"\xf6\xdf\xa7\xe3\x56\x8a\x82\x1c\xd8\x95\xed\x49\xe8\x77\x9e\x86"
	"\xf7\x53\x99\xd9\x95\xa3\xe3\x74\x16\x05\xf2\x15\x88\x51\xcb\x75"
	"\x1a\x05\x26\xb5\x35\x7c\xa1\x64\x77\x0f\x1e\x1f\x50\x86\xe4\x73"
	"\xe4\x8d\x29\x59\x36\xb6\xa6\x58\x21\x59\x95\x16\x11\xd6\x25\x23"
	"\xdb\x75\x48\x4d\x0a\xd3\x97\x8c\x2c\xb0\x0a\xf6\xf0\x06\x13\x4a"
	"\x99\x44\xb6\x48\x92\x22\x66\x2d\xe0\x09\x5c\xd7\x10\x7b\xdc\xd6"
	"\x4d\x38\x16\xc6\x43\xe6\x43\x5c\x30\x25\x00\x92\x09\xa7\x05\xf8"
	"\x9a\x1c\x60\xe8\xae\xb4\xde\xbc\x65\x24\x8b\xf3\x19\x61\x3b\xb6"
	"\xaa\x14\x4f\x0e\xf0\x1c\x45\x4d\x7d\x5d\x53\x01\xe4\x1a\xc0\x15"
	"\x24\x5b\x69\x39\x88\xaf\x33\xc8\x69\x52\xb5\x4d\x2c\xcd\x94\xc8"
	"\x26\x07\x38\x9a\xa5\x10\xde\x6d\xa2\x1b\xae\x29\xc7\x24\xa9\x69"
	"\x4b\xa6\x87\x2a\x30\x6d\xcf\xc7\x1b\xac\x6e\x3c\x89\xae\x43\x4a"
	"\xfa\x98\x67\x44\xda\x58\x17\x8c\xac\xad\xb6\xa9\x67\x49\xd6\x64"
	"\x4e\x36\x75\xb9\xce\x72\x86\x28\x0a\x31\x6d\x4d\x95\x0b\xf6\xbe"
	"\x56\xcc\x86\xc2\x29\x7e\xe8\xea\x83\x27\x5f\xc3\x1d\x5f\xcf\xb1"
	"\xd8\x75\x1b\x88\x39\xc9\xb8\x21\x62\xda\x44\xbc\xc9\xf3\xa4\x22"
	"\xab\x68\x3a\x93\xcb\x56\x19\xdc\x19\x6e\xb0\x17\xf8\x37\x38\x9c"
	"\xaa\x88\x43\x95\xc9\x0f\x46\x70\xbe\x45\x6b\x1e\xae\xd0\x69\x0e"
	"\xb8\x02\xb4\xc2\x86\xd8\x0d\x05\xdb\x23\x0f\x19\xca\x1d\x54\x68"
	"\x9b\x88\x96\xd0\x01\x65\xfc\xbf\x42\x01\xe2\x7a\xb3\x81\x0c\xeb"
	"\x01\x48\x57\x80\x62\x92\xd9\xa6\x6d\xab\x58\x47\x9f\x76\xdc\x20"
	"\x94\x25\xbe\xa9\xd9\x6a\x94\x63\xb8\x3a\x51\xc0\x60\xd9\x71\xf5"
	"\x39\x20\x43\x09\xf2\x5c\xa3\x99\x01\x52\xb6\x41\xd2\xce\x1e\x33"
	"\x50\x8e\xeb\x28\x50\xa0\x36\xdb\xde\x0c\x94\xe7\x58\xfe\x1c\x94"
	"\xa3\xcd\x40\xf9\xb6\x31\x07\x85\xdc\xe3\x77\x50\x5c\x9f\x55\x4a"
	"\x56\x11\x6f\x1e\x23\xcc\x77\x6b\x07\x56\x7b\x9e\xe6\xcc\x42\x79"
	"\xb3\x50\xbe\x12\xb5\x4d\xa5\xd3\xc2\x45\x75\x5d\x4f\xcf\x08\xd7"
	"\xa3\x49\x79\x26\xe2\xc0\x31\xcd\x93\x28\x44\xb2\x11\x0f\x42\xc8"
	"\x92\x2e\x97\xea\x8c\x92\x20\x5c\x4a\xb2\x81\x52\x96\x8a\x5a\x33"
	"\xae\x57\x6a\x8e\x6a\xdc\xf1\x65\xdc\xd6\x1d\xd3\x50\xc3\x1c\xc3"
	"\x54\xf6\x5a\xab\x48\x19\xe6\x2c\x98\xdb\xcc\x81\xe9\xb3\x78\xb3"
	"\x0d\x4b\x95\x5b\x8d\x3a\x1f\xe9\xc8\x79\x94\xf2\xa9\x3d\x50\x1d"
	"\x78\x16\xa5\x1a\x61\xaa\x21\x16\xc4\xc8\x62\xbb\x24\xcc\xd5\xd8"
	"\xf5\xee\x6e\xc9\x98\x54\x70\xca\x28\x5e\x45\xd9\xb4\xd4\x08\x3f"
	"\xc1\x71\x33\x2c\x6b\x9c\x07\x3a\x0a\x58\x21\x1f\x44\xe0\xfe\xeb"
	"\x76\xde\xdc\x19\x7c\x70\x1c\xe1\xf5\x7d\x2f\xf2\xfd\x67\xd9\x71"
	"\x17\x5b\x06\x83\x90\xf1\x25\xf8\xe7\x2a\x3a\x7e\xb2\x69\xd9\xdb"
	"\x37\x2e\x8b\x58\xa4\x89\xe7\xb2\x53\xcf\xc7\xca\xe0\x12\x85\xa2"
	"\x1f\x25\xbc\xdc\x65\x51\x20\x0f\x50\x51\xc2\x96\x52\x0d\x71\x54"
	"\x90\x2f\xb5\xb2\x20\x96\x67\x0f\x4a\x0c\xc9\x1e\x72\x25\x68\x4d"
	"\xca\x42\x05\x4a\xb9\x96\x74\xb7\x0c\x55\xb0\x26\x55\xe6\x44\x5b"
	"\x9b\xf4\x11\xa6\xdb\xf8\xc2\x25\x6b\x4f\x92\x82\x4e\xd8\x0f\x2c"
	"\xe7\x35\x6d\xec\x75\x68\xc8\x0a\x96\x32\x85\x39\xe1\x6f\xab\x3f"
	"\xf0\x7f\xd7\xeb\xd0\x28\x2c\x49\x35\x75\xe6\x01\xcd\xdb\xf7\x08"
	"\x07\x29\x55\x19\x91\xf4\x11\x8b\x22\xcf\xb9\x59\xe5\x65\x91\x6c"
	"\x56\x92\x22\xe9\x6a\xc3\x55\x3f\x8c\x5a\x55\xfc\x53\x24\x48\x1b"
	"\x6f\xca\x8b\xcb\x2e\xec\xf3\xd6\xb1\x2c\x2d\xa5\xf4\xaa\xc1\xc8"
	"\x60\x9e\x84\x53\x25\xd1\x22\x81\x4a\xa7\x84\x22\x8d\x42\x4a\x2e"
	"\x81\x82\x7a\xee\x72\x7f\x1c\xbe\x1e\xf7\x8b\xa7\xd3\xeb\xc4\x6b"
	"\xa7\xf6\xab\x80\xa4\xe0\x24\xfc\xf6\xf1\x6d\xd7\x22\xe8\x6d\xf4"
	"\xe8\x5d\x55\x5f\x20\x68\xf9\xe0\x8d\xbb\x82\x7b\xbf\xba\x93\x5b"
	"\x0f\x51\x12\xf0\x53\x81\x16\xc5\xc2\x72\xaa\x90\x01\x2a\xe0\x93"
	"\x8c\x8a\x95\x9b\x27\xe6\x71\x29\x37\xda\x2e\xac\xa7\xb4\x85\x9a"
	"\x86\x11\xcc\x0a\x1d\x4f\xc4\x6d\x52\x6d\x25\x7c\xdb\xbe\x59\x82"
	"\x47\x71\x52\xd0\x29\xf2\x30\x8d\x84\xf5\xd5\xd1\x5a\x8f\xd0\x6e"
	"\xd7\x52\x9a\xc1\xba\x40\xb2\x55\xd4\xb1\x09\x10\xe5\xf0\xd5\xd2"
	"\x80\x15\xb3\xc7\x07\x67\x78\x74\xa1\x04\x69\x69\x4a\xa6\xbc\xed"
	"\x01\x29\xeb\xc6\x1a\x16\x58\xd2\x70\xb6\x48\x51\xc1\xfc\xad\x3b"
	"\xfd\x8c\x20\xa0\x2a\x5c\x86\x08\xc6\xa6\xcf\x92\x04\x4c\x38\x10"
	"\x66\x51\x00\xd7\xd6\x7c\xbc\xc0\x42\x8b\x84\x18\x07\xf8\x26\x89"
	"\x10\xa7\x71\xa9\x90\xcf\xf1\xc5\x99\xe8\x29\x78\x65\x3b\x10\xea"
	"\xed\xe1\xcf\xa7\xfd\x8f\x71\x30\x0c\x80\xb6\x0d\x1b\x24\x84\x75"
	"\xda\x72\x40\xb8\x44\xa4\xaa\x7b\xcd\x2a\xa2\x28\xb3\x22\xe8\x39"
	"\x80\x82\xc4\xd4\xc6\xbc\x11\x0a\xde\xaa\x5a\x73\x90\x6b\x2d\x91"
	"\x65\xe2\x21\x4a\xdd\xb5\x40\x70\x0d\x75\xaf\x80\x08\x77\xf7\x2a"
	"\x4c\x41\x89\xae\xc0\x84\x55\xc0\xb0\xd3\xde\x1b\x2a\xaa\x72\xe4"
	"\xd1\xf5\x0d\x13\xd3\x2c\x2a\xa8\x8a\xa7\x2f\x11\x78\x0c\xfa\xa2"
	"\x42\x25\x10\x30\x72\x19\x84\x0a\xdc\x1d\x2f\x13\x09\xd5\xde\x01"
	"\xe5\x19\x0d\x88\x02\x94\x92\x52\x55\xc1\xb4\xf4\xe1\x55\x92\x2a"
	"\xa7\x6c\xeb\x69\xaa\x56\xc8\x6b\x1b\xb1\xec\xef\x61\x10\xfb\xe3"
	"\x01\x66\xa7\xca\xa9\x20\x81\x81\x5c\xcd\xf4\x40\xae\x29\x91\xeb"
	"\x0e\x4a\x57\x09\x15\x8b\x30\x0b\xbc\x0e\x26\xf3\x39\x57\x88\xa9"
	"\xe4\x10\xa6\x6a\x4f\xae\xd7\xd1\x66\x39\x07\xa4\x92\x3c\xf8\x61"
	"\x6b\xda\x2c\x94\x3e\x0b\x65\xcf\x42\x39\xb3\x50\xde\x1c\x94\x33"
	"\x87\x2f\xdd\x56\x37\xfd\xbd\xaf\x66\x1e\x30\x81\x1a\x64\xaa\xbb"
	"\xb0\xba\xd3\x74\x4b\x0d\xd2\x75\x53\xc9\x14\x4c\xc1\x9e\xb2\x0f"
	"\x37\x19\xd7\x17\x55\x83\xbe\x72\x74\xd5\xe4\x58\xe5\x58\xb4\xf1"
	"\x2e\x66\xc3\xd7\xd6\x3b\x15\xaa\xf6\x6c\x53\x35\x04\xeb\x40\xc3"
	"\xfc\x9a\x75\x40\x7c\xc6\x4b\x15\x98\x86\x96\x10\x80\x8f\x2b\xad"
	"\xaa\x19\xf4\x31\x30\x25\x2b\x5a\xb1\x9d\x16\x80\xf3\x0a\xcb\x17"
	"\x21\xbc\x4a\x8f\xa5\xe9\x58\x92\xbc\x79\x87\x6f\xa3\xa5\xac\x2e"
	"\xcc\x30\x90\x63\xc5\xb6\x7c\x8e\xa9\xea\xb1\x89\xdc\xcb\xfe\xf9"
	"\xf4\xfd\xf3\xd7\xe3\xf7\xe3\xfb\xfe\x79\xc1\x11\xb0\x6f\x98\x88"
	"\x7f\x72\xd6\xd8\x36\x1a\x66\xd5\x7d\xae\x65\x63\x98\x3a\x52\x8f"
	"\x16\x51\xa5\xce\xc0\x09\xc2\x39\xde\x89\x8a\x03\xa1\x2b\x21\x9b"
	"\x9a\x33\x0d\x73\x12\x0e\x64\xb1\xad\xd9\x2d\x37\xe1\x0a\x09\x88"
	"\x7a\x03\x85\x88\xa1\x0c\x4b\x99\x28\x25\x2c\x6b\x34\x87\xa5\x11"
	"\x18\x67\xbb\xa0\x42\xca\x2e\x61\x03\x33\xf0\x8e\x0a\xf7\x3b\x34"
	"\xc3\x6f\xfb\x5e\xdf\x7c\x92\xf7\x0c\x57\x88\x31\x77\x79\xad\xbe"
	"\x08\xfe\xf2\xf0\x9d\x01\xd7\xaa\xaf\x2e\x1c\xcf\x26\x7e\xbd\x3d"
	"\xf4\xb9\x77\x49\x1c\xed\x82\x80\x4a\xe5\x5c\xe2\xd8\xbb\x45\x60"
	"\xc1\x42\x5a\xaa\x38\xf3\xe4\x82\xce\x10\x8b\xe9\x3c\x38\xef\xca"
	"\x24\x79\x48\x5d\x59\x73\x45\xa9\x24\xb2\x3c\x84\xb7\x79\x1a\x06"
	"\x3b\xb3\x11\xbb\x0d\x14\x24\xcf\x63\x39\x41\xef\x7e\x5c\x17\x83"
	"\x4d\x11\xa4\x72\x05\xbc\x9f\xb0\x4a\xf2\x25\x18\x70\x3e\x64\xcd"
	"\x60\xa7\x52\xdc\x8f\xcc\x47\x27\x7c\x30\x84\x87\x1f\x1f\xbf\x2e"
	"\x36\x78\x4f\xa7\x97\x6f\xc7\xef\x9d\x70\x42\x6d\x3e\xed\x8e\x65"
	"\x94\xfd\x2e\xdb\x70\x59\x48\x9b\xeb\x99\x8a\x35\xd8\x57\x71\x08"
	"\x9b\x3e\xf5\xa8\x58\x81\x38\x3f\x0f\x23\x11\xde\x73\xda\x8c\xb8"
	"\xb3\x93\x14\xbf\x2e\x37\xb1\x31\xda\xd2\x81\xa8\x5e\xf7\x7f\xad"
	"\xa4\x4e\x8b\x02\xc7\x09\xc7\x71\x32\x10\xd4\x63\x28\xf7\xff\xc8"
	"\x6b\xcd\x74\xfb\xfe\x5f\x3e\x3b\x07\x7d\x3a\x7c\x5d\xa4\x69\xf0"
	"\x99\x81\x45\xd6\x39\xe6\x43\xdf\xc9\x02\x9f\x8c\x80\x38\x9c\x8d"
	"\xae\xc1\x92\x42\xe1\x3b\xf4\xbc\x95\xed\x1e\x87\xb5\xe7\x0c\xd4"
	"\x72\x11\x5d\xe4\x06\x90\x2c\xf9\x69\xe9\x49\xb4\xc3\x90\x2d\x4b"
	"\x49\xde\x7c\x97\x4d\xc5\x6f\xb2\xf2\xd7\xa4\xbc\x53\xd1\xf1\x05"
	"\xf5\x2e\xc2\xfc\xb5\x02\xb5\x24\x70\x1a\x98\xe1\xda\x4a\x4a\x7c"
	"\x44\xad\x6d\x4b\xaf\x22\x62\xbb\x88\xe3\xcf\x33\x7f\x84\xb8\xae"
	"\xe6\xac\xa5\x99\xc4\x8e\x87\x58\x34\xb6\x88\xd6\x0e\x61\xec\x6e"
	"\xe5\xf0\x6b\x0f\x1e\x70\xde\xde\x5f\x3f\x7e\x08\x9f\xf2\x00\xf4"
	"\x7e\x2d\xe2\xf4\x7c\x5c\xb0\xf8\x8d\x55\x8b\x3f\xf7\x6f\x87\xaf"
	"\x9f\x7a\xf1\xa7\x76\x65\x15\x38\x86\xe1\xf0\x69\x96\x8c\x85\x82"
	"\x96\x14\xf1\x47\xf8\xd0\x06\x71\x8f\x69\x99\x6e\xa7\xdf\x2e\x8c"
	"\x06\xec\x28\x7d\xe2\x08\x48\xa4\xf3\x81\x9c\x77\x5f\x7d\x74\xbe"
	"\x48\xc5\xa3\x83\x9b\x6f\x64\x38\x0f\xd9\xbf\x3c\x1d\x9f\x9f\xf7"
	"\xaf\x7f\xdf\x42\xe6\xbc\x7f\xbc\xf0\xff\x7f\xe7\xec\xbc\xbc\x9d"
	"\xe0\x97\xa3\xf1\xc4\xff\xfa\x79\xfc\x7d\xf1\xed\xf5\xf4\xf2\x7e"
	"\x78\xf9\xfa\xf6\x69\x78\x80\x02\x67\x55\x65\x2d\xe2\x33\xb1\x28"
	"\xe1\xab\xc2\xf0\x40\x8e\x54\x15\x11\x41\xe1\x7b\xb3\x13\x9c\x9f"
	"\x1a\x57\x96\xc8\xc7\xd7\xe3\x89\x8f\xe3\xa7\xd3\x57\xc1\xc1\xcf"
	"\xd7\x13\x5f\x9e\x81\x09\xe1\x8f\xe7\xc7\xf1\x57\xc7\xe9\x6d\x19"
	"\xb2\x2b\xf4\x92\x56\x1f\xbf\x1e\x4e\x48\x2a\xe4\xb0\xef\x15\xd0"
	"\xa7\x1f\x5e\xfa\xa9\xc1\xfe\xc7\xe1\x75\x7f\x6e\x85\x8e\xaa\x20"
	"\x88\xf1\xf3\xfe\xed\xaf\x61\x62\x9b\xcf\xf1\x07\x67\xfb\xdf\x07"
	"\x90\xa4\x05\x44\x18\xba\x92\x45\xed\x3e\xb7\x20\x3e\x93\xfd\x7c"
	"\xe5\x55\x03\x93\xee\x1e\x88\x85\xe5\x42\x74\x40\x3f\x39\x3d\xbe"
	"\x3d\x1d\x78\x3f\xbd\x1c\x4e\x10\xbb\xea\xf0\xfc\x73\x88\x60\x6d"
	"\x6f\x2d\x3e\xb8\x94\x2e\x78\xae\x6f\xa7\xa7\xdd\x53\x5b\x85\xb6"
	"\x67\xaf\x59\x89\x7e\x07\x0b\x14\x32\x31\x11\x06\x4d\x68\x78\x9e"
	"\xd6\x46\x0d\x99\x9c\x0b\xdb\xee\xac\x36\x59\xf7\xdd\x42\x27\x11"
	"\xa2\xf7\x14\xdd\xe8\xa8\x5d\x5a\x15\x12\xcf\xf0\x35\x09\xd1\x6d"
	"\x50\xa2\xce\xa9\x3a\x4a\xf5\x3d\xcf\x45\x88\x62\x7a\xd1\x65\x44"
	"\xe4\xcb\xb4\x32\xb4\x06\x61\xa8\x11\x07\x0d\x18\x8d\xef\xf6\x35"
	"\x8c\x66\xa1\xb4\x34\xb0\x2c\xe6\x69\x66\xef\x60\xfd\xed\x9d\x8b"
	"\xee\xfe\xf5\xeb\xe2\xb7\xb7\xfd\x3b\x17\x82\xe3\xfb\xe1\xd3\x6d"
	"\x24\x5e\xbb\xb5\x0f\x7d\x12\x81\x24\xfe\x7b\xc1\xfb\x97\xcb\xd9"
	"\x3b\xc4\x8b\x9d\xf8\x88\x2f\xd8\xff\x62\xf2\x7c\x01\x52\xf1\x49"
	"\x41\x99\x4f\x70\x2e\x74\x82\x4c\x2a\xc6\xa9\x19\x5f\x87\xff\x5a"
	"\x10\x2e\x92\xc7\xa7\xfd\xcb\xe7\xbb\xd3\xeb\x61\xff\xc2\x67\xdf"
	"\x6b\xc6\x9f\x03\xc1\x74\x58\xd5\x13\x79\x50\x16\xce\x60\x44\xa0"
	"\xfa\x35\xfa\xaf\x99\x9f\x5e\xf6\x4c\x1d\x14\x1f\x47\xcf\x7f\xb7"
	"\xc3\xf1\xed\x73\x91\x24\xd7\xb1\xc6\xb7\x34\xe7\xd0\x71\x97\x39"
	"\x60\xf1\x8d\x4f\x12\xa2\x39\xaf\xf3\x07\x57\x56\xf8\x38\x04\xdf"
	"\x70\xaf\xdf\xf6\x5c\x31\xf9\x2d\xca\x6c\xcd\x30\xf4\x4f\xd3\x61"
	"\xe7\xda\xb5\xe8\x74\x7a\x7e\x83\xd8\x1e\x3c\xdb\xc3\xf3\xe9\xe7"
	"\xe2\xe5\xf0\x9f\x31\xab\xab\xd7\xfd\xcf\xbf\xc0\x73\xd9\xe8\xa2"
	"\xa5\x5e\x91\x7e\x30\x96\x73\x82\x38\x8a\x5f\x15\x1b\x71\x0c\x7f"
	"\xd1\xd6\xca\xce\xfb\x26\xfe\xc7\x2e\xa5\x30\xe8\x59\xef\x92\x0c"
	"\xd2\xc3\x82\xcf\xeb\xcd\x25\x68\xe2\xb4\xe6\x07\x30\xe1\xdd\x0a"
	"\x89\x89\x73\x03\xf0\xe5\x21\x1e\x06\xa8\xe9\x80\xee\xb8\x26\xd6"
	"\x06\xfb\x1b\xb2\x11\x8b\xdb\x10\xf9\x13\x36\xc0\x41\x20\xcb\x1d"
	"\x1f\x54\xe1\xe4\x02\x3b\xac\x59\xd0\xdf\x9e\x5e\x1d\xcd\x9f\x97"
	"\x83\x05\xef\xd6\xc1\x74\xdb\xcb\xa1\x8d\x26\xe9\x6a\xc8\x51\xdb"
	"\x05\xc2\x68\x82\x79\x36\xbf\x40\xb2\xa6\x10\xd3\x98\xef\x35\xf3"
	"\x70\xc8\xfb\x0b\xc0\xad\xc3\x04\x39\xe5\x16\xfd\x4c\x12\xde\xcf"
	"\x94\x71\x55\xfd\x01\x05\x71\x1d\x26\x92\x34\x32\x49\x43\x2e\x4e"
	"\x53\x8f\x04\x17\xbf\xb5\xcb\x78\x70\x2a\x2e\xcb\xf7\x27\x08\x94"
	"\xc5\x95\xf2\x8f\xd6\xc9\xde\x75\x5a\x48\xc3\x45\x72\xfc\xf3\x15"
	"\xb4\x8f\xd7\xd3\xc7\xfb\xf1\xe5\x30\x6a\xdf\x2c\xdf\xd4\x11\xd9"
	"\xa0\x7c\xd4\xab\x08\x17\xb8\xfa\x0e\xb9\x5f\x00\xe2\x26\x4c\xf0"
	"\xda\x21\xf1\x93\x44\xeb\xad\xc8\x0a\xf3\xbb\x08\xf4\x80\x96\xe5"
	"\x86\xed\xee\xa3\x14\xe7\xba\x0c\x48\xb9\x0b\xb7\xbc\x9f\x90\xb0"
	"\xe5\x57\x50\x52\x87\x78\x15\xee\x1b\xbc\x0a\xcb\x3c\x58\xe3\x5f"
	"\x4e\x07\xc0\x06\x4a\x41\xb2\x28\xb9\xac\x3f\xe1\xf1\xed\xe7\xf3"
	"\xfe\xef\x45\xc1\x15\x8f\xe7\x51\xdf\x08\xa8\x88\x08\x0e\x1b\x3d"
	"\x3e\x28\x13\x7c\xa4\xb5\x58\x69\x6d\x5a\x48\xab\x3d\x28\x40\x14"
	"\xdc\xf9\xde\xf1\xff\x7c\x13\x79\x9c\x36\x81\xa5\x5c\x43\xd0\x03"
	"\x15\x3a\xcb\xf2\x04\x22\x96\x6a\xae\xff\x88\xdc\xef\xdc\xd0\x5f"
	"\x42\xba\x4b\x2a\xcd\xd5\xd2\x48\xb3\x35\x89\x50\x9c\xeb\x46\x52"
	"\xb6\xc9\x20\x5e\xbc\x8f\xb9\x08\xef\xb4\x15\xc7\xad\x2c\x1b\xb1"
	"\xe9\xbb\xe1\x72\xbe\xcd\x00\xb7\xda\xeb\x5d\x5e\x81\x8d\x8e\xaf"
	"\x62\x9a\xff\x24\x70\x6b\x11\xec\xea\xba\xd1\xb5\x58\x33\xad\x4c"
	"\xc9\x7a\x49\x58\xb1\x8c\xca\xf2\x01\x22\x88\xe5\x1b\x2e\x5b\x41"
	"\xc9\x37\x85\xca\xaf\x1e\x42\xba\xe1\xa2\x9c\x3a\x9e\x31\xbb\x79"
	"\x98\x13\x99\x6b\x62\xcc\x47\x3b\xe6\x17\xad\xd1\xcc\xf9\x1f\x78"
	"\x84\x28\x99\x89\xe8\x5d\xbe\xb3\xcc\x6d\x1d\xeb\x2b\x15\x56\xd8"
	"\xed\x24\xf7\xba\xa6\x97\x3a\x6b\x90\xbd\xee\x08\xcf\x34\xcb\xac"
	"\xf4\x24\x52\xe3\x69\x55\xc2\x35\xd3\x8e\x55\xae\xeb\xf9\x35\x32"
	"\x74\xdb\xe8\xd4\xfd\x35\xbd\xcd\xe0\x4a\xe9\x8d\xea\x9b\x6a\xb2"
	"\x7c\x3d\x7e\xfd\x3e\x9e\x7c\x5b\x83\x0c\x5e\x2e\xc9\x1a\x17\x3b"
	"\x10\x15\x73\x5e\x98\x81\xf3\x3f\x7c\x2e\x0b\x37\xe9\x52\xe8\x22"
	"\x21\xc1\x47\x20\xcc\x0e\xbb\x28\xc3\x6d\x96\xc4\xcc\x05\x31\xca"
	"\xd7\xb4\x00\x3f\x2d\x61\xd1\xc0\x23\x41\xf0\x37\xec\xd9\x5a\x6d"
	"\xee\xe2\x2d\xfa\x1d\x2c\x9b\x45\x95\x99\x96\x23\xeb\x79\x58\xf5"
	"\x76\x05\xf3\x1c\xc9\xb4\xc2\xd7\x72\xfe\x8f\x7a\xd8\xdb\xb8\x16"
	"\x43\x7d\xcd\x68\xa4\x74\xcc\x11\x14\xd0\xab\x35\xcd\x22\xfe\x33"
	"\x70\x4c\xde\x2a\xba\x66\x48\xa0\x39\x5b\xd3\x25\x69\x9f\x48\xf0"
	"\x9d\x0c\x0e\xe4\x23\x37\x2e\x06\xde\x2d\x7b\x7a\x53\x56\xc1\x60"
	"\x4d\x2a\xdf\xd1\xf5\x4d\x13\x0c\x15\x30\x11\x90\x38\xac\x5d\x5b"
	"\xc7\x05\x96\x94\x41\xb1\xc2\x17\xbe\x35\x65\x94\xff\xc0\x9e\xcc"
	"\x5d\x21\x77\xb4\xa4\x99\xa4\x26\xd9\x43\x58\xe2\xeb\x7e\x91\xe8"
	"\x12\x16\xdb\x28\xf7\xb2\xe5\x0f\xe6\xd4\x28\xab\x84\x9a\xb9\xbb"
	"\xdf\xd0\xf2\xee\xea\x5c\x20\x7e\xe5\x7b\xea\xc5\x9f\x1f\xdf\xbe"
	"\x41\xcc\xcf\xa1\x6d\x48\xbc\xdc\x05\x69\x08\x0e\x0f\xbb\x6d\x17"
	"\x2f\xd1\x43\xef\x70\x39\x75\xa2\x0d\x16\x61\x22\x9e\x2c\xd8\x0f"
	"\x8f\x2d\x9c\x20\xb1\x35\x31\x19\x3f\xa7\x07\x5a\x62\xc5\x1a\x97"
	"\x18\xa3\x42\xa6\x44\x81\x49\x99\xe1\x99\xab\x18\xb9\x8b\x15\x90"
	"\xaa\x36\x6d\xed\xbe\x46\x01\xb0\xa4\x1a\x88\x90\x5f\xe8\x26\x32"
	"\x48\x80\x5e\x85\xb9\x61\xa5\x28\xb9\x5e\xad\x0c\xcb\x34\x88\x85"
	"\x22\xa4\x61\xb2\x44\xd3\xc1\xda\x90\xe2\x1c\x48\x16\x62\x20\xf3"
	"\x05\xc3\x74\xfc\x78\x85\x28\xf7\xe7\x76\xb4\x35\xfd\x2e\x96\x34"
	"\xf5\xba\xf1\x4c\x24\xae\x04\x90\xf9\xaa\xcd\x95\x18\x5b\x2e\x07"
	"\x83\xee\x1e\xd1\xcf\x6e\x35\x7a\xc6\xb5\x57\xe2\xc0\x6e\x7e\x0a"
	"\x91\x7a\xbe\xa5\xef\xb6\x49\x14\x4a\xd9\xb8\x79\xf7\xd8\x0e\xec"
	"\xe3\x6f\x18\x12\x16\x1e\x66\x8c\x34\x40\xb9\x2a\x54\x92\x9a\x8e"
	"\x89\xd8\xc6\x0c\x50\xbe\x0a\x54\x78\xb6\xdd\x28\x40\xe8\x6b\x99"
	"\x4e\x3e\xb5\x6d\x68\x6e\x52\x28\x60\xcb\xd0\xd1\x35\x57\xd5\x08"
	"\x65\xd0\x04\x59\x26\x6d\xf2\xbb\xea\x91\x37\xa7\x33\xd5\xe9\xe0"
	"\x84\x7a\x44\x86\x2d\x45\x27\x16\x6b\xbe\xc9\xc2\xce\x9f\x83\x3f"
	"\x44\x48\xd1\xb2\x9f\x54\x04\xe9\x28\x61\x17\x25\xe1\x38\x91\x46"
	"\x81\x6f\x7b\xfd\xf4\xf5\x36\x8c\x8a\x7e\x52\x49\xb6\x29\x0d\x69"
	"\x3f\x91\x0b\x52\x7b\x08\x9e\xc7\x31\x6c\xd8\xfb\xd4\x2f\x44\xc4"
	"\x44\x1d\xa4\x9c\x2d\xea\x86\x91\x6f\x39\x35\x67\x0c\xce\x05\xa6"
	"\x3c\x73\x9c\x79\xbd\x54\xb4\xf7\xd9\xba\x1c\x85\x87\xed\x50\xfb"
	"\x06\x8a\x7d\x76\xe0\x38\x85\x6f\xcf\x42\xf6\x87\x69\x74\xd3\xcf"
	"\x73\xf5\x2e\x4f\xc2\xbe\xdd\xa6\xe0\xa3\xcc\x83\x5d\x3c\xc8\xa9"
	"\x86\x47\xde\x2c\x12\xc4\x98\x0d\x39\xbc\x51\x69\x56\x4d\x5f\xe0"
	"\x08\x56\xd1\x90\x51\x82\xa9\xe8\x7e\x03\xb7\xc8\x68\x45\xc7\x37"
	"\xd4\x22\x79\x93\xa6\x0f\x68\xa6\x04\x4c\x97\x51\x6a\x5a\x15\xa4"
	"\x96\x30\x04\x86\xc7\xbb\x8d\xee\xd8\x98\x7f\x37\xc8\xa3\xd8\x0c"
	"\x0c\xbe\x7a\x7d\x4a\x87\xfc\x92\x50\xf7\x90\x57\x5e\x82\x5c\x51"
	"\xda\x14\x0a\xb2\x78\x89\x90\xe2\xa0\x8d\xe7\xe9\x9a\x94\x6c\xc8"
	"\xc9\xa6\x84\xbc\x35\x50\xda\xb2\xf2\x90\x67\x36\x62\x30\x11\x4d"
	"\x47\xd6\x28\x41\x4e\x29\x44\x08\xc4\xc8\x79\xf3\xb0\x42\x76\x72"
	"\xe2\x6b\x66\x19\x48\x00\xaf\x33\x19\x33\x4c\x15\xe4\xaa\x89\xf1"
	"\xa2\x43\x52\x26\x44\xd2\x62\x2b\xe1\x8d\x10\x25\x27\xe4\x41\xfa"
	"\x79\x9b\xbd\x25\xcf\xde\x52\x64\x8f\xd3\xd3\x1c\xb1\xfb\x17\x44"
	"\x8a\xd3\xf8\x66\x3d\x37\xf1\xf1\x4a\xb3\x90\xae\x72\x05\x99\xaa"
	"\x00\xe1\x17\x65\x0e\x8d\x32\x0b\x1c\x11\x65\x4c\x37\x5d\x4d\x41"
	"\xc7\xe5\x26\x4e\x3d\x0d\xa7\xae\x43\x56\x48\x89\xf8\x18\xe5\x1a"
	"\x92\xee\x4a\x7a\x8d\x4f\xa4\x51\xe2\x35\x9a\x12\x80\x17\x71\x97"
	"\x97\x2b\xdd\xd0\xf1\xe1\x9a\xe4\x09\xde\xfb\x49\xe3\x58\x8e\x15"
	"\x31\x89\xe8\x34\x58\x0c\x46\x20\x67\xa9\x61\xe3\x83\xbd\x08\x9a"
	"\x75\x89\x52\x4b\x5a\x54\x34\x8c\x70\x7a\x1a\x99\x86\x8c\xea\x3b"
	"\x72\xaa\x6d\x48\x66\x7d\x07\x17\xa7\x9a\x12\xcf\x68\x94\x74\xc5"
	"\xfc\x2c\x9e\x9d\xe7\x0c\x1f\x1a\x75\x83\x7a\x75\xe7\xd4\x87\x34"
	"\x1e\x4c\x94\x62\xcf\xb7\x0e\xff\x25\x8e\xb4\x7b\x06\x23\x42\x0e"
	"\x49\x2b\x2c\xc8\x1a\x05\x74\xae\xe4\x88\x5b\x77\xbe\xe3\x7f\x8c"
	"\xfe\x70\xac\x9e\xb2\x30\x54\x10\x36\x6c\x39\x4a\xe0\xab\x46\xd8"
	"\x0f\x01\x74\x21\x6c\x88\x2e\x19\x41\x22\x6e\x18\xa1\xe4\x5e\x8a"
	"\x70\x62\x5a\x46\x52\xc4\x9a\xc6\x98\x07\x47\xb1\x30\x05\xa1\x81"
	"\x1d\x7c\x5e\xb2\x28\xf2\x50\x45\x5f\xcb\x11\x55\x9e\x45\xe8\x5b"
	"\x9d\x0b\xa8\x26\x5c\xab\x68\x90\xbe\xb8\xb6\x24\xb8\xd7\xeb\x37"
	"\x32\x13\x36\x11\xfd\x84\xab\x7e\x3a\x6c\x78\xa0\x91\x14\xfc\xaa"
	"\xc9\x54\x09\x70\x54\xc6\x91\x12\x7d\x8d\xd1\x55\x06\x57\x53\x3b"
	"\x6a\x8c\x4d\xa4\xd8\x29\x38\xdb\x42\xc0\xad\x62\xfc\x7a\x38\xbc"
	"\x3d\xed\x9f\x0f\x8b\xa0\xd8\xbc\x0d\xae\x17\x6f\xd0\xd3\x4f\xb8"
	"\x5b\x79\x9b\xf8\xe4\x7f\x86\x82\xcb\x84\x1e\x9a\xec\x08\x2b\x71"
	"\x1e\x2f\x20\x46\xa8\x1a\xc3\x66\x60\x8a\x90\xc6\x4a\x54\xa4\x2a"
	"\x8e\xa6\x0d\x74\x24\x66\xf6\x28\x26\x70\x03\xa2\x64\x38\x86\xae"
	"\x0d\x5b\x77\x22\xb7\x95\x94\x7e\x3f\x70\x48\xd7\x76\x4f\x95\xfe"
	"\x2f\x63\xd7\xd6\xdc\xb8\xad\xa4\xff\x8a\x2a\x4f\xd9\xaa\xcd\x2e"
	"\x2f\xa2\x44\x9d\xad\xf3\x00\x81\x94\x84\x88\x37\x13\xa4\x44\xcd"
	"\x0b\xcb\xb1\x95\x89\x2a\x1e\xdb\xc7\xd6\x9c\x64\xf6\xd7\x1f\x34"
	"\x28\x4a\xe0\xa5\x01\xbd\x24\x1e\xf4\x27\x5c\x1a\x8d\x46\x03\x6c"
	"\x74\x9f\x9e\x3e\xde\x8e\x4a\x0a\x29\x0e\x87\xf8\x09\x4c\x79\xe3"
	"\x62\x32\x92\x2f\xaa\xad\xb2\x2a\x56\xd9\x9a\xa0\x3d\xfb\x52\xd5"
	"\x45\x10\x23\x52\x2c\xbb\x0c\xb7\x70\x57\xed\x71\x69\x01\x9c\x6c"
	"\xc7\x72\x07\xb5\x12\x4b\x17\xf3\xba\x41\xe9\x46\x4b\x02\x52\xda"
	"\x73\x8d\x52\xb9\x81\x66\x36\x1a\xa1\x64\x00\xc4\xa2\x9d\xa8\xc0"
	"\xb9\x65\x39\x7a\xd0\x76\x6a\x5b\x53\x13\x64\xea\xf9\x26\x88\xe7"
	"\x19\x6b\xc1\xbc\xf3\x55\xc8\xd4\xd4\x5d\xcf\xf5\x67\x26\x88\x67"
	"\xea\x6e\x44\xbd\x99\xa3\xef\xcc\x32\x70\x7c\x23\xa6\xa8\x39\x4d"
	"\xb5\x10\xca\x5d\x2f\x72\x9d\x3b\x30\xee\x1d\x98\xe9\x1d\x18\xcf"
	"\x80\x99\x3a\xd1\xd4\x31\x63\x3c\xb3\x24\x36\xb8\x7b\xea\x9a\x99"
	"\x31\x73\xd7\x88\x99\x99\x87\xa6\xb1\x9c\xaf\x90\xfb\x06\x36\x37"
	"\x2f\x30\x80\x55\x95\x7f\x4f\x75\xae\xed\x1a\x7b\xe6\x4e\x17\x06"
	"\x88\xe7\x46\xae\xa5\xd1\x61\x70\x49\xd5\xe8\xa3\xb1\xfd\x35\xe4"
	"\x73\xdb\x20\x41\x02\x82\xe6\xc8\xb8\x42\x7c\xd7\x9e\x19\x21\x8e"
	"\x99\x2d\x17\x98\x89\xcb\x6b\x78\x8c\xa1\xef\x13\x7c\x5d\xae\xf3"
	"\xad\x6b\xb9\xfa\x8e\xc5\xa4\x5a\xf8\x9e\x41\xdd\x49\x10\xf2\xbd"
	"\xa7\x83\x59\x38\x77\x80\x5c\x83\x5c\x37\xad\xe9\x65\x23\xe6\xb1"
	"\xbf\xb0\x67\xf5\x1e\xee\xce\xe5\xb7\xc3\xbb\xe1\x97\x17\xdd\x5a"
	"\x7c\x46\x63\x7b\xe6\xdb\x46\xcc\xdc\x5f\x18\xe7\x54\xe2\x16\xd5"
	"\xdd\x38\xd3\xe4\x03\xce\x9f\xdd\x57\x1f\xe0\xee\xa8\x4f\x48\xaf"
	"\x4f\xee\xa9\xb0\x01\xde\x51\xa3\x67\x3b\x7f\xdf\x53\xa1\xc4\x99"
	"\xea\xcb\x0b\x6f\x66\x58\x5f\x00\x71\xf5\xf3\xc5\xd7\x45\xe4\xe9"
	"\x0e\x10\x12\x24\x7d\x42\x84\xdd\x9d\x45\x6c\xc5\xc2\xdc\x00\xce"
	"\x57\x17\x53\xdf\x6c\xf1\x98\x8d\x52\xce\x63\x07\x8b\x8e\xa5\x62"
	"\x66\x96\x63\x64\x59\x8b\x33\x4d\x81\xc0\x4d\x3d\xc3\xca\xe6\x05"
	"\xc1\x1e\xec\xa9\x10\xcf\xc0\xd9\x82\x09\x03\x5f\x6f\x23\x17\x84"
	"\x3b\x9e\x61\xf7\x14\x18\x34\x32\xa3\x8a\x99\xdb\x95\x19\xe3\x58"
	"\x26\x8c\xb0\xbe\xf4\xba\xb1\x08\xc8\x7c\x6a\xeb\xb7\xa9\x62\x45"
	"\x16\xfe\xdc\x80\x89\x76\xae\x63\x11\x46\x1d\xd7\x38\x6b\x2a\xd6"
	"\x24\x09\x57\x2c\xfa\xbe\x6f\x88\x74\xaa\xe9\xfd\x7d\x90\xe8\xfb"
	"\x7b\x61\xe8\x03\x77\x89\xe3\xcc\x43\x03\xa8\x31\x33\xcc\x20\x83"
	"\x01\xbe\x8f\x7d\xcf\xb6\x8c\x10\x83\xc9\x2b\x21\xe6\x86\x7c\x63"
	"\x43\x58\x74\x74\x15\xe2\xf8\x46\x88\x6b\xae\xc5\x9d\x1b\x21\x53"
	"\x73\x2d\x9e\x79\x44\x9e\x91\x75\xf3\xb9\xb9\x96\xf9\xcc\x08\xf1"
	"\x1d\x13\xc4\xb7\xcc\x42\x7d\x81\x99\xa4\x19\xa2\x62\x5a\xc6\x91"
	"\x2d\x66\x96\x19\x62\xec\xf6\x62\x3e\x35\x43\x8c\x42\xb1\xf0\xf5"
	"\xfb\xca\x17\x79\xd5\xb1\x98\x65\x8e\x63\xb4\xcd\xe6\x9e\x5e\x93"
	"\x41\xe8\x3f\x4f\x2f\x3d\x09\x29\x7d\x6f\x6a\x19\x31\xbe\x7d\x07"
	"\xc6\xa4\xa0\x33\x02\x59\x4c\x89\x66\x60\xcd\xa6\x4f\xb1\x00\xd8"
	"\x0a\x86\xd3\x52\x8f\x6b\xcc\x81\x75\x4e\xb2\xcd\xfd\xc0\xb1\x5a"
	"\x9b\xfb\x60\x16\x0c\x3d\xef\x45\x61\x27\xe1\x33\x0b\x64\x8e\xf7"
	"\x30\x3f\xc8\x28\x53\xc9\xba\xd8\x8c\x25\x8a\x66\x41\x4e\xf6\x4a"
	"\x78\x98\xa6\x1a\xa5\x92\x9b\x67\x47\x73\xf7\xf4\x7e\x7c\x82\x97"
	"\x09\xd0\x87\x91\x0b\x1f\xf8\x05\x99\x82\x37\xe8\x78\xcc\x7b\x20"
	"\x53\x5a\x4a\x0f\x4e\x0d\x22\x2f\xab\xf1\xce\xd6\x24\xcb\xba\x39"
	"\x2b\xae\x85\x48\x90\x2a\x49\xe7\x48\x44\x04\x49\x2c\xe1\x8a\x1c"
	"\x25\x2f\xc3\x68\x8b\xb8\x82\x35\xe4\x22\xcd\xea\xd5\x0a\x05\xd0"
	"\x0d\x78\xad\x6a\xc8\x4c\xfc\x4b\x43\x4f\x73\x4e\x34\x43\xa3\x69"
	"\xb9\x26\x38\x39\xcb\xd3\x80\x6d\xc3\x03\x3e\x7c\x2a\xdf\xff\xe0"
	"\xe4\xcc\xb1\x91\x0f\x4d\x92\xdc\x3c\x25\x44\x26\x4b\xc8\xd6\x3a"
	"\x4d\xf2\x26\xed\xd1\xd5\xc9\xad\x2d\x13\x5c\xeb\x4f\x64\x18\x73"
	"\x1d\x2f\xc3\x88\x24\x48\x53\xf0\xe6\x2f\x8d\x07\xf5\x45\x29\x5e"
	"\xd9\x17\xc1\x17\x94\xba\x0e\xe3\x25\x43\x16\xaa\xa4\xaf\x10\xb7"
	"\x2f\x20\x6e\xd2\x08\x0b\x8b\x21\x7f\x9b\xa6\x6b\xa1\x35\x36\x24"
	"\xc6\x22\x13\x4b\x54\x31\xf3\x5d\x9c\x2c\x3a\xaf\x5f\x45\xdb\x43"
	"\x88\xd2\x4a\x0a\x7e\xb5\x14\xa5\xef\x49\x84\xc5\x12\x96\x5d\x3b"
	"\xe4\xf8\x13\x18\x00\x30\x88\x1b\x80\x53\x0b\x9c\xf6\x2b\x59\xe6"
	"\xb8\x34\x16\x7b\x96\x6c\x48\xa2\x61\x4a\xc2\x99\x50\x75\x9a\xae"
	"\x45\x54\x26\xc0\xc2\xe9\x61\xa0\xa1\x25\xe9\x0e\x97\x28\xe0\x69"
	"\x5f\xf5\x29\xe4\x98\x08\x96\xc7\x69\xc9\x07\xfa\x2b\x26\x87\x55"
	"\x44\x38\x3e\x97\x32\xac\xe0\x3a\xc5\x84\x3f\x66\x90\x11\x26\x5d"
	"\x15\x83\x8a\xd3\x44\xec\x00\xe1\x01\xfb\x5d\x19\x15\x4c\x4a\x51"
	"\x57\xe7\x27\xf0\x55\x31\x09\xd2\x7e\x75\x49\xc1\xd0\x2e\x26\x45"
	"\xce\xd6\x28\x35\xcd\x7b\x0b\x42\xd5\x51\x24\x81\xec\x47\x51\x9a"
	"\x2b\x5b\x8f\x52\x38\xa2\x27\xb2\x30\x11\x8c\x4c\x0a\x5c\xef\x85"
	"\x05\x89\x0e\x48\xd4\x08\x09\x10\x6a\xb7\xf7\x46\x49\xa5\x0a\x45"
	"\x23\x5d\xde\x29\xef\x72\x06\x9e\x2c\xf1\xc6\x31\x57\xe9\xeb\xad"
	"\x70\xac\xaf\x39\x8b\x49\xa5\x99\x5a\xd1\x90\x66\xb1\xe4\x29\xa5"
	"\x04\x1f\xa8\xd8\x1c\x74\xaa\xe6\xf2\xe6\x00\x19\x26\x04\x0e\x55"
	"\x7d\xf5\x92\xc3\x48\xff\x79\x16\x86\xe0\x52\x8c\x4d\x1f\x2f\x42"
	"\x32\x50\xbc\xa2\x30\x8c\xc0\xcd\x2a\xc4\x77\x1e\x5d\xa8\x22\x39"
	"\xf2\xd1\x48\xc9\x52\xff\xc0\xd3\x0f\xc2\x19\xb9\x75\xfe\x5a\x34"
	"\x36\x82\x98\xe4\xc5\xaf\xe9\x41\xdb\x5a\xc1\x34\x2b\x5b\x28\x43"
	"\x1e\x6a\x14\x03\xb8\xcb\xaf\x63\x0d\x39\x2f\x79\x11\x13\xc1\x15"
	"\x5c\xf1\x94\x60\x89\xd5\x19\x77\x91\x41\xef\x49\xb3\xc1\xa9\x45"
	"\x8c\x41\x14\xd4\xfe\x78\x2b\x26\x56\x07\xda\xce\x97\x30\x4f\xb5"
	"\x9c\xf8\x72\x08\x84\x05\xa6\x51\xa1\x4d\x9e\xb9\x7a\x53\x2e\x71"
	"\xa3\x2a\xca\xf0\x06\x1e\x76\xf9\xc0\xa6\x85\x70\x38\xa3\x76\x6d"
	"\xe3\x03\x30\xb0\x6d\x33\x36\xb6\x76\x2f\xe0\xc6\x43\xf3\xfa\x94"
	"\xb2\x5b\xef\x2d\xc6\xa8\x43\x01\x8c\x54\x93\x6e\x28\xe4\x79\x2b"
	"\x0a\xb1\x53\x0b\x5d\xc8\x48\xd2\x0d\xa2\x38\xf0\x8a\x97\x0e\x0f"
	"\x69\xdc\x49\x93\x29\xbf\xfa\xe7\x74\x23\xf6\x7a\x5e\x6f\x68\xd0"
	"\xa1\x74\x61\x8d\x43\xa1\xfa\xbb\x24\x11\x2a\x8e\x86\x75\x12\xee"
	"\x95\x40\xb8\x23\xcf\xf1\x81\x77\x97\xaf\xef\x5d\xbe\xb5\xa9\x2d"
	"\xb3\x30\xe7\x8c\x17\xfd\x90\x8f\x77\x44\xc0\x94\x9c\x28\xd6\x3a"
	"\x5a\xbd\xdf\x08\x15\x14\x31\x5e\x68\x51\xcb\x48\xfa\x0d\xf3\x02"
	"\x95\x1b\x40\x8a\xdd\x97\x43\xde\xd0\xf5\x3a\x84\xac\x0c\x4b\xd4"
	"\xe9\x42\x86\xf5\x40\x64\x14\x68\x7b\x39\x1d\x4b\xb2\x1a\x97\xb4"
	"\xb7\xcf\x33\xbc\x09\x6d\x5f\x41\x07\xc3\x93\x8c\xfc\xfd\x6c\x5e"
	"\x59\x16\x4c\x1c\x22\x24\x15\x08\x49\x33\xaf\x9d\x1f\xca\xf2\x60"
	"\xb9\xa6\xa3\xb1\x4a\xaf\x88\xc1\x9c\x37\xa5\x97\x57\x05\xfd\x4a"
	"\xc3\x4b\x63\x38\x9b\xab\xd2\xb1\xad\x4d\xa6\x05\x31\x9e\xd9\xf6"
	"\xac\xd2\x62\x56\x62\xc2\xc0\x7b\x41\x87\x11\x7b\x9a\x0b\xe9\xcf"
	"\xb4\x1d\x32\xf5\xb8\x34\x01\x78\xe4\xdb\xfa\x36\x72\x9f\xcc\x66"
	"\xde\x62\xae\x05\x49\xd6\xf5\xde\x9c\x76\x00\x1b\x78\x0e\x02\xe1"
	"\x85\xe2\xde\x5e\x7c\x15\x99\xe6\xad\xcd\x84\xbe\x3c\x7e\x7e\x0e"
	"\xa3\xb8\xca\x05\x4b\x07\x53\x26\xdd\xa6\x11\x9d\x2f\xa5\x34\xc0"
	"\xbb\x54\xc4\xc3\x87\xe1\x89\xd0\xf6\xff\x98\x34\x21\xe4\x52\x61"
	"\x11\x86\x93\xe7\xe3\x3b\xbc\xcc\x87\x88\x1b\x9c\x72\x36\xf9\xed"
	"\xfb\x79\xb2\x8c\xb6\xa0\x30\x6a\x1e\x4c\xbe\x3d\xfe\x68\x1d\x76"
	"\x1e\x5f\x3e\xdf\x26\xbf\x1d\x27\xaf\xc7\xe3\xf3\xf1\xf9\xff\x44"
	"\xa5\xc7\x4e\x4d\x9b\xe3\xcb\xbb\x74\xde\xf9\x06\x21\x94\x4f\xaf"
	"\xbf\xbf\x75\x87\x77\xc1\xf5\x87\x78\x29\xd6\xb8\x80\xab\x28\x38"
	"\x6a\xeb\x22\x06\x5e\x6b\x23\x05\x59\x91\xa5\x11\xb7\x12\xdb\x3e"
	"\x96\xb3\x51\xc5\x31\x1e\x38\x9a\x08\x47\x2d\x4c\xfc\x4d\x0a\x23"
	"\x8a\x07\x41\x6e\x2d\xee\x82\x79\x9e\x11\xf6\x6b\x19\x67\x7c\x93"
	"\x9a\x9b\x25\x11\x29\x03\x62\x84\xa5\x49\x88\x1f\x0c\x55\xe0\x96"
	"\xe4\xb1\xb9\xba\x36\x58\x90\x98\x10\x6a\x9e\x8f\x30\x11\x4c\x5c"
	"\xce\x1c\x0f\xe7\x75\x49\xf8\xe8\x02\x63\xdf\x1e\xbf\x9e\x5e\xbf"
	"\x8e\x05\xc5\x93\xfa\x26\xa0\xba\x18\x55\xf2\x08\xa4\x91\x2c\x96"
	"\xe1\xf9\x9f\xe4\xef\xa5\x16\x08\xba\xfe\x68\xea\x5e\xb9\xa7\xee"
	"\x60\xff\x14\x65\xe2\xac\xaf\xd9\xf8\x24\x62\x4d\xfa\x51\x0a\xfb"
	"\x08\x78\x48\x23\x0c\xfd\xe8\xfa\x42\x36\x7b\x79\x3c\x8b\xa5\xf8"
	"\x6d\xb2\x7e\xf9\x7e\xbc\xec\x4e\x6d\x28\xb1\xde\x16\x2f\xfb\x40"
	"\xb2\x5e\x1c\x68\x59\x9c\xae\x06\xb1\x70\xae\xb4\x87\x8e\x31\x79"
	"\x2d\x16\x3a\x72\x64\x94\x78\x60\x2e\x78\x09\xcb\x82\x90\x20\xa3"
	"\x83\xcd\x66\x3e\xb3\xba\x0d\x5d\x0a\x07\xf6\xd0\x8d\x20\x58\xda"
	"\xb2\x63\xb0\x77\x01\xa0\xe1\xa8\x84\x68\xf7\x39\xc0\x5e\x79\x3b"
	"\x2a\x74\xc0\xd0\x71\x6d\xde\xbc\x11\x19\x68\xbb\xe6\xe5\x08\xa4"
	"\x7e\xd2\x35\x7e\x81\x5d\xee\x4e\x4d\x30\x4d\xc8\x01\x05\x45\x58"
	"\x4e\x21\xad\xba\x11\x97\x6f\x5d\xdb\x9e\x99\x60\x9a\x7b\x4d\x75"
	"\xa0\x1b\x77\x6a\x9b\x40\xd2\x00\xdc\x84\x3a\xcd\xd9\x00\xc1\xc9"
	"\x02\xee\x7f\xc3\x28\x44\x22\x57\xaa\x4d\x67\xc2\x04\xa9\xb0\x09"
	"\xb8\x68\xa5\xd8\x37\xb5\x19\xc6\x59\xb8\xd6\xb7\xb4\x2a\x02\x26"
	"\x26\x21\x45\xda\xda\x31\x9e\xe6\xa6\x66\x58\x46\x1e\x8c\x18\x63"
	"\x2d\xa1\x90\x6b\xad\xc9\xdb\xc3\xd5\xc8\x85\x8c\x3a\x38\xdf\x76"
	"\x34\xd1\x77\x6f\x28\xcf\xad\x8c\xf2\x2c\x76\x0c\xb3\xcc\xb0\x6c"
	"\x6f\x84\x94\xa5\x09\x02\x97\xd6\x19\x49\xea\x4c\xb7\xe5\x75\xa0"
	"\x46\x58\xc4\x8d\xdc\xda\xa6\x4b\x78\x5d\x4f\x8d\x33\x10\xd3\xa2"
	"\x2e\xef\x60\x6c\x0c\xd7\x3b\x46\x50\xca\xe7\x98\xd7\x41\x0f\xe6"
	"\x4f\xcd\xb0\xaa\xbc\x47\x86\x12\xb2\x8b\xcd\x4c\xcb\x22\xc7\xb5"
	"\x5c\x13\x2a\x2d\xd8\xcc\xf7\x8c\x6b\xf1\x81\x92\xd2\x28\x64\x0f"
	"\x42\x61\xc3\x39\xda\xa8\x35\x33\x9a\xf9\x95\x67\x84\x91\x55\x68"
	"\x56\xc0\x61\x9e\x93\x3d\xcb\x85\x62\xe2\xdc\x88\x3e\xc4\xcb\x34"
	"\x32\xa1\xcc\x2b\x93\x1e\x96\x61\xfe\x2b\x96\x7c\x45\x01\x56\x42"
	"\xf3\xa7\x46\x7e\xa4\x19\x7a\x25\xaf\xa2\xe2\x84\x25\x61\x71\x4f"
	"\x65\xd4\x5c\x5b\x05\x57\x41\x75\x6c\xac\x6e\xcf\xf8\x66\x99\x26"
	"\xe6\x89\xe0\xa5\x6d\x19\x05\xfc\xa1\x30\x2e\xbb\x32\x0b\xe6\xfe"
	"\xca\x9a\xbb\xc6\xca\xc6\x93\x75\x80\x6d\xd0\xbd\x64\x79\x1e\xbf"
	"\x22\x08\x63\x36\xc3\x7b\x23\xa8\x0e\xbe\x13\x93\xa0\x2c\xb4\xeb"
	"\x61\xc7\xc3\xb5\xe6\xaa\x64\x9d\x16\xe8\xa7\x0c\x89\xd0\x9c\x88"
	"\xdb\x0d\x94\x1e\xe6\x74\xe6\x6a\x60\x70\x0b\x8f\xcb\x1e\x0b\xe4"
	"\x07\x0d\xfc\x26\x01\xb6\xd6\xfe\x67\xbb\x2e\x13\xe0\xdb\xad\x2e"
	"\x18\x98\x7c\x5a\xb3\x2c\x79\x1d\x56\x85\x28\x02\xa3\x2a\xc5\xb7"
	"\x84\x08\x1f\x72\x91\x93\x84\x86\x3b\xb6\xcc\xfb\x01\x8b\xbb\x43"
	"\x4a\xf7\x24\xcf\x99\x06\x81\x44\x8f\x6b\x2e\x1a\xb8\x30\x4c\xe5"
	"\x4d\xc2\x8a\x55\x45\x99\x8f\xd8\xb0\xf0\x76\x7e\x85\x6f\x91\x07"
	"\xf1\x23\x5c\x28\xc2\x2f\x92\xad\x15\x2e\x73\x9b\x52\x46\x4f\x77"
	"\x3c\x5b\x93\x3b\x62\xc3\x19\x85\x3f\x5c\x4f\xa3\xdc\x5b\xd0\x74"
	"\xd6\xf5\x04\x56\xd9\x0d\xa1\xf6\xc5\xcc\xc9\x40\x96\xc3\x1b\x46"
	"\xba\x21\x29\xdf\x8e\x7e\x7f\x92\x77\x37\x61\xf3\xf4\xbb\x4e\x96"
	"\xf3\x5d\xf6\xb0\xb0\xa6\x83\xd3\xc7\x43\xc1\xea\x2d\xbf\x04\x10"
	"\x42\x7b\x2a\xe3\x42\x04\x8c\xac\x47\x80\xd7\xf5\x9c\xfd\xf1\xe3"
	"\xf3\xf4\xf4\xf8\x32\x89\x1e\x7f\x74\x22\x1f\xaa\x17\x36\x1b\xe5"
	"\x83\x48\xd2\x04\x7d\xaf\x2b\x1a\xb2\x5d\xbf\x63\x32\xf3\x15\xc8"
	"\xa5\xf6\x04\xe2\x6a\xd2\x69\x40\xfc\x95\xde\xdd\x6a\x8f\xca\xb9"
	"\xe8\x4f\xfd\x10\x67\x9d\xd4\x4e\x82\xf0\x70\xe9\x2b\x12\x8d\x7c"
	"\xc3\x07\x63\xb9\x72\x29\x8c\xcb\x0b\xa5\x7b\x2a\x8f\x32\x86\xf4"
	"\xa4\x39\x6d\x0d\xc6\xdf\x9c\xc1\xf4\xd7\x3e\x2a\x48\x2c\x88\x28"
	"\xe4\xda\x36\x9a\x75\x2e\x3d\x52\x16\x96\x35\x42\x6f\xaf\x19\x20"
	"\x96\xf9\xb2\x5c\xad\x20\x6a\x80\xa3\xcc\xf0\xf1\xe3\xf4\xfe\xc7"
	"\xf1\x43\xcc\xf1\xed\x72\xb7\xaf\xb1\xdb\xcb\xcd\x32\xd0\x64\xf8"
	"\xc8\xb5\xe4\xf6\xce\x11\x4f\x1e\x51\x11\x67\x8e\x2f\xe2\x78\xa7"
	"\xad\x1e\xc8\xae\xe6\x4e\x34\xc9\xe0\xe7\xf2\x9e\x18\xaf\x03\x3a"
	"\x88\x2b\x89\xa5\xf8\xbd\xae\x0b\x24\x0e\x3c\xcf\x9d\xe9\x20\xc2"
	"\x8a\x70\x9c\xb9\xa3\xa7\xeb\xf2\x95\xa4\x5b\xfc\x10\x10\xae\x1d"
	"\xab\x30\x89\x95\x26\x31\x80\x54\x3e\xcc\x76\x21\x3c\x97\xee\xde"
	"\x57\xc6\x98\xd0\x5c\xf0\x47\x6c\x09\x2f\x31\x53\xce\x8a\xde\x2d"
	"\x4a\x59\x87\xb0\x35\xf6\x0b\xdb\xd7\xb2\xaa\xc0\xd5\x09\xed\xdd"
	"\xb5\xe4\x89\xd8\xf1\xfa\xa8\x18\x42\xec\xdc\x6e\x59\x3b\xb4\xd5"
	"\x00\x5d\x12\x6a\x8f\x94\x39\x83\xb2\x1d\x1d\x34\xd4\x89\x86\xd2"
	"\x94\x75\xfc\xbe\x9a\x22\xd0\xa7\xfd\x32\x3a\x48\x26\xb6\x82\x14"
	"\x12\x83\xdf\x36\x7e\x6c\x3c\x1f\xb4\x2d\x4e\xff\xfd\xa2\x87\x80"
	"\x0f\x46\xb7\xe6\x83\x1e\xc6\x45\xd6\x2f\xca\xfa\x45\xcd\x9f\x7d"
	"\x66\xb5\xa5\x75\x19\xee\xc2\x64\xb8\x49\xb5\x64\x4d\x3e\xc2\x0e"
	"\x8e\xd0\xd8\x0c\x4a\x97\x61\x85\x08\xd5\x15\x93\x0c\xbf\x18\x5c"
	"\x69\xe1\x3d\x8d\x08\x10\x44\x3e\xe7\x1a\x83\xfe\x8a\x7d\xa0\x52"
	"\xea\xcc\xc0\x7b\x61\xb1\x58\xe1\xf5\x92\xdc\xd3\xcd\x30\x36\xb1"
	"\xa2\x27\xfc\xe3\xf5\xac\xea\x48\xa8\x3f\x6e\xaa\x6b\xb8\x5c\x14"
	"\xd2\x40\x00\x55\xda\xb8\xd4\x2a\x88\xcb\xaa\xc3\xba\x07\x64\x3c"
	"\xbe\xdb\x10\xec\xa0\x0d\x0d\xd7\xa8\x42\x1c\x2c\x56\xb5\xd6\x1d"
	"\xd5\x74\x70\xe4\x83\xd4\x38\x70\xb8\xf8\x15\xe2\x50\x0b\xa8\x44"
	"\xaa\xe9\xdd\x70\xad\x2b\xc4\xc1\xa2\x57\xf9\x81\x2d\xf5\xbe\x1a"
	"\x28\x0e\x59\xf7\x55\x9f\x2c\xa8\x0b\x8a\x84\xec\x68\xc8\x25\x45"
	"\xee\x86\x2e\xbf\x86\xd4\xd0\xbd\xc0\xc8\x57\xab\xa3\xf8\xf1\x7e"
	"\xfc\x85\x36\x01\xd0\xdf\x5f\x8e\x7f\x1f\x3f\xfe\x37\x38\x2a\xff"
	"\x9a\xf0\xbf\x4e\xe7\xa7\x3f\xc6\x5c\x10\x9a\xda\x21\xc1\x64\xc6"
	"\x5c\x30\xc7\xad\x5e\xa6\xac\x7e\x23\xe4\xe5\x7c\xfc\x78\x7d\x3c"
	"\x1f\x27\xf1\xdb\xf3\x71\xec\x50\xda\x54\x09\x21\xb3\xa3\x22\xc6"
	"\x1c\x8b\xe4\x1e\x94\x82\xe7\xf2\x9e\x15\xdd\x4f\x45\x37\x63\xea"
	"\xed\x2f\x19\x62\xf0\x05\x9a\xf8\xd1\x33\x93\x7b\x33\x9c\x05\x75"
	"\x96\x46\x8c\x2a\x06\xa7\xcc\x2f\xde\xd0\x3a\x86\xa8\xcc\x13\xbe"
	"\xe8\x8b\xa8\x38\x02\xd6\xa8\x03\x59\x6b\x9f\xd6\xa8\xb5\xbd\x1f"
	"\x4b\x6e\x1a\xc7\xca\x3a\xce\xf6\x39\x0f\x1f\x84\xf5\x3b\x52\x38"
	"\x48\x18\x10\xd3\x7a\x19\xa5\x6a\x08\xb0\x6b\x51\x1b\x8d\xeb\x16"
	"\x76\xeb\x46\x0a\x42\x61\x90\x8a\x33\x8d\x38\xd7\xf0\x32\xee\xa8"
	"\x31\x99\xdb\xa5\xc4\xa2\xaa\x40\x15\xfd\x43\x65\x87\xc8\x32\x48"
	"\xd5\xbb\x5e\xb3\x64\x8d\x62\x68\x7e\xc8\x8a\x74\x98\x76\x54\xa6"
	"\x9d\x69\x32\xcf\xdc\xe1\xf6\x00\x35\xe1\x36\x3d\x50\x49\x1e\x8b"
	"\xff\xb1\x71\x86\x8b\x81\x6e\x54\xa7\x86\x6b\x51\x0d\xf9\x6b\x28"
	"\x0d\x39\x4f\xbb\x91\xbe\x6e\x88\x4c\x5f\xa9\xb0\x77\x8b\x55\x3c"
	"\xfe\xd3\x54\xe8\xee\x9c\x70\xe4\x9a\xa1\x8b\x2b\x16\xb6\x19\x15"
	"\xec\x69\xcc\x37\xd4\x00\xd4\x65\xc7\xba\xa1\x56\xf0\xff\xd1\xe7"
	"\xc8\x37\x4c\xef\xbb\x9b\x14\x08\xb6\x8a\xe1\x13\x3e\x5a\x39\xf2"
	"\x1c\x45\xca\xc2\x72\x8e\xbc\x91\x00\xea\x4e\x26\x20\x8e\x63\x7c"
	"\x78\xc1\x1e\xff\x71\x29\xb4\x14\x5e\x77\xa9\xe3\x5a\x29\x06\xcb"
	"\x66\x42\xf1\x60\xcc\xa0\x0f\x9b\x6e\x5c\x35\xc9\x88\x4b\x80\x59"
	"\x2c\x86\x18\x60\x62\x24\x38\xdd\x8d\xc3\x55\x98\x8c\xfa\xcf\x5e"
	"\x9b\xbd\x2c\xa0\xae\xec\xaa\x14\xb8\x8b\xe8\xe6\x58\x8e\x79\xc1"
	"\xe8\x98\x5f\x24\xb8\x6c\x81\x2b\x93\x12\x33\x15\x1c\x9b\xda\x84"
	"\xbd\xb7\xf8\x9b\xd7\xd2\x1a\x77\x00\x96\xa0\x65\x0e\xd7\x46\x09"
	"\x5c\xd9\x6d\xf6\x70\xaf\x92\xac\xc3\xe1\xcb\x10\x70\x5e\x1e\xd9"
	"\x13\x64\x0d\x64\xef\x58\xc8\x67\xc1\xa6\x05\x1a\xcf\x5c\xe4\x21"
	"\xd9\x0d\xe0\x69\x00\x34\xb7\x2c\x7b\x6a\x23\xf9\x2e\x25\x24\x8a"
	"\x5d\x0f\xb9\x93\x6d\xe9\x58\x64\x8b\x2b\x7d\x81\x85\x7c\x05\x40"
	"\x46\xc9\x02\xcb\x36\x29\x01\x68\x88\xcd\xa6\xfe\xcc\x5d\x4c\xa7"
	"\x7a\xba\xa7\xeb\x5f\xe6\x79\x8e\x6d\xa0\xbb\x7a\xfa\x4c\x5b\xbf"
	"\x8f\x65\x68\x6d\xe9\xd8\x23\xf9\x1b\x7b\x3c\x03\xff\x66\xae\x06"
	"\x10\x08\x13\xd7\x99\x72\x0b\x79\x3a\xd6\x54\x82\x04\x7c\x95\xc4"
	"\x3c\x5c\x43\x06\x0d\xe4\x7e\xb5\x91\xb4\xc0\xf1\x2d\x1d\x17\x0a"
	"\xd7\x5b\x68\xb8\x58\x50\x32\xf3\x90\xe8\xa7\x0d\x20\xa2\xde\x02"
	"\x7b\xf9\x7a\x15\x54\xef\x6f\x9c\xce\xb8\x6b\xaf\x22\xd7\x5e\x54"
	"\x46\x4c\xef\x4d\x6a\x6f\xa1\x4a\x97\xab\xdf\x5e\x4e\xaf\x7f\xfe"
	"\x6c\x37\x59\x21\xf3\xf5\x72\x72\x79\x85\xf0\xfd\x15\x52\x80\x8c"
	"\xbc\xb9\x9a\xfc\x7c\x73\x3b\xfe\xaf\xc1\x52\x5f\xc2\xb5\xac\x66"
	"\x0a\xf8\x81\x63\x1f\x77\x24\x3d\x8e\xaa\x1c\xf9\xf2\x20\xe9\x25"
	"\x1f\x3d\x42\x48\x1a\x5c\xd8\x0a\x4b\xae\x6e\xe2\xf3\x76\x28\x60"
	"\x11\x4a\x35\x57\xef\x9c\x81\x16\x94\xd4\xf6\x72\xbe\x8e\x02\xcd"
	"\x22\xed\x40\xb1\x7e\x48\x75\xe7\xb5\x0e\x35\xc0\xcf\xe2\xe3\xf4"
	"\xf5\x6b\xe7\xc6\x57\xf5\x36\xed\xeb\xea\xd6\x09\x75\x10\xb8\xb5"
	"\x43\x4d\x85\x46\xc6\x7c\xb7\x3a\xc0\xb8\x08\xcc\xa0\x4d\x28\x2c"
	"\xc4\x25\xe6\x48\xd1\x81\x5e\xa3\xf0\x9a\xa1\x34\x2b\xcd\x20\x42"
	"\x0b\xb6\x63\xc5\xc1\x8c\xd4\x2b\xd0\x16\xd5\xba\x1e\x77\xc5\x4c"
	"\xce\xc5\xe9\xfd\x0c\x79\x96\x3e\x27\xe7\x66\x42\x6e\x82\x9e\x1c"
	"\xcf\xbf\x9f\xe0\x84\x73\x49\xa2\x38\xf9\x19\xe6\xed\xfc\xf8\xf1"
	"\xf5\x78\x1e\x4a\xf9\x75\x86\x72\x92\x70\x88\x97\x7e\x07\x2b\xf0"
	"\x1c\x9f\x1d\x5c\x46\x12\xc4\x6d\xa7\x03\x4b\xc2\x02\x4b\x48\xd4"
	"\xd8\xba\x6c\x09\xd9\x3f\xc6\x99\xca\xc4\x7f\x13\x61\xd7\x24\x63"
	"\x77\x8f\xa1\x50\xb3\x43\x17\x73\x28\xed\xfe\xeb\x72\xd9\x00\x2b"
	"\xba\x1b\xbc\x57\x12\x71\x43\x5e\x92\x8b\x4d\x99\x04\x61\x5e\x61"
	"\xed\x6f\xf3\x43\x0a\xe6\xfe\x6c\x3a\xa8\xf9\x46\x82\x83\x5f\x84"
	"\xb7\xa1\x02\x81\xa9\x42\x20\x6a\xc4\x62\x46\xf1\xa5\x06\x5f\xad"
	"\xb1\xcc\x90\x92\x4c\xe1\xe1\x51\xd5\x54\x88\xa3\xfa\x51\xd6\xda"
	"\x34\x8a\x05\x85\x0b\xe0\x1b\xc7\xa1\xa0\xb5\xe1\x94\xa2\x0d\x15"
	"\x26\xea\x61\xbc\xb0\x8d\x99\xfe\xd3\xc7\xf9\xc9\xfa\x49\x05\x08"
	"\x62\x91\x6e\x68\xf7\x57\x97\xc2\xde\xaf\x6e\x89\x1d\x8b\x91\x49"
	"\x55\x68\xc9\x4e\x18\xa5\xad\xce\x13\x05\x93\x53\x9b\x62\x43\xd1"
	"\x7a\x00\x64\x49\xb1\xba\x0a\x4d\xbf\x1c\x42\x41\x8f\x14\xf7\xe2"
	"\x5e\xab\xe5\x75\xc9\xc2\xba\x1f\x01\xbb\xdb\xeb\x7c\x37\x38\xe2"
	"\x5e\x1f\x68\x40\x4f\x47\xcc\xd6\xf6\x77\x64\xb9\xf4\xbe\x84\xdc"
	"\xd5\x56\x4e\x96\x95\x8f\xa5\x40\xbd\x40\x02\x6e\xbb\x88\x55\xa0"
	"\x42\x90\xa7\xf5\x0a\x64\x86\x7c\xf6\x68\x21\x9b\x43\xec\x7b\x33"
	"\x7d\x7f\x63\x52\xcd\x16\xc8\x41\xaa\xc5\xe4\xdc\xa3\xae\xa1\x2d"
	"\xc6\x23\xdb\xb1\xfc\x3b\x30\xce\x3d\x15\x21\xee\x0a\x2d\xa8\x12"
	"\x10\x4f\x8b\xc8\xe8\x0a\x8d\x8d\xd1\xc1\x58\xb3\x3b\x40\xee\x3d"
	"\xa0\x7b\x30\xbe\x61\x36\xa6\x76\xe1\xeb\x27\x63\xf9\xe0\x3a\x5b"
	"\x2d\x82\x8b\xb3\xcd\x02\xc9\x16\xd0\x62\x56\x31\x1a\xe1\xec\x3a"
	"\xeb\x42\x90\x6d\x23\xc4\x43\x02\x51\xa9\xb5\x38\xfa\xa9\x0a\x63"
	"\xd7\x72\xf4\xeb\x21\xdf\xf9\xbe\x35\x4c\x59\x0b\x77\x0f\x86\x45"
	"\x0b\x1c\x5d\x98\x99\xbe\x98\x9a\x97\xac\x63\x86\x78\x46\xc8\xd4"
	"\x35\x43\xcc\xba\x61\x61\x99\x17\xb5\xad\x5f\x42\xf9\x02\x8b\x70"
	"\x79\x9b\xba\xa9\x79\x76\x67\xb6\x7d\x87\xf2\x98\xfa\x77\x28\x21"
	"\xc7\xb4\x7c\x1c\xdb\xb0\xa0\x63\x9a\xcd\x17\x1e\xb2\x29\x8d\x04"
	"\x0c\x05\xf9\x81\x7c\xb8\x77\x28\xff\x80\xbb\x98\x9b\x65\xb7\x87"
	"\x26\x41\x16\x72\xb4\xa0\xc3\xcb\xf5\xab\xab\xbd\xb1\x1f\xb6\xe3"
	"\xcf\x4c\x02\x82\xa5\x26\x52\x21\x9e\x51\x12\x67\xbe\x57\xaf\x48"
	"\xcc\xa2\x83\x09\x39\x9f\x9a\x16\x87\x33\xb5\xf4\x4b\x8c\x17\x5b"
	"\x7b\x5e\x10\x83\xa0\x4c\xfd\xc2\x30\x7a\x80\xb8\x9e\x11\x82\x84"
	"\x89\xb9\x42\x78\x3c\x73\x0c\x83\x5a\x3e\x4c\x7d\x83\xd0\xe6\x99"
	"\x47\x0d\xab\x0c\x04\x42\xbf\x82\xbe\x1c\x92\x87\x38\x1b\x48\xcc"
	"\xdb\xeb\x2f\x70\xa4\x32\xc8\x4b\x16\x59\x06\x3d\x0f\x08\x7d\x17"
	"\x57\x85\xf8\xcb\x1a\x4d\x98\x75\xad\x24\xf6\xab\xaa\xea\xdb\x65"
	"\x72\x5e\x93\x1d\xd7\xf3\x68\xde\xf3\x4e\xba\x06\x97\x69\x72\x39"
	"\x9b\x46\xa8\x3c\x05\x86\x43\xf2\x58\x42\xab\x98\xdc\x1e\xae\xde"
	"\x72\x60\x5d\x4b\x11\xe7\x4b\x01\x18\xa6\xb6\x12\x85\x75\x98\xac"
	"\x9b\xd4\x56\x4a\x99\x0c\xb9\x2e\x5f\x2a\x90\x24\x09\x23\xde\xa5"
	"\xa6\x9d\xc7\xe0\xf0\xf6\x2c\x27\x42\xc6\xd6\x01\xf2\xf2\x89\xc4"
	"\x70\xd1\x1c\x59\x58\x0e\xd4\x7d\x4d\x2a\x06\x35\x8f\x9f\x0e\x65"
	"\x04\x69\xac\x6e\x19\xaa\x1d\x3c\x26\x09\x72\x16\x89\x85\x7d\x25"
	"\x98\xb9\x1b\x17\xed\x2c\x72\x5d\xab\xc6\x2a\xbf\x64\x46\xe2\x28"
	"\xa0\x71\x96\x31\x91\x1b\x91\xd7\xb7\xb2\x24\xb1\x1e\xb0\x81\x31"
	"\xd6\xf1\x1a\xf1\x0b\xbe\x61\x46\x44\x46\x12\xd7\x99\xe4\xb1\x3a"
	"\x75\x6a\xb9\xe6\x5c\x2b\x26\x08\x9d\x9c\x0b\xad\x1e\x0b\xb1\x0f"
	"\x9d\xa1\x2f\xa7\xe3\xeb\xb9\x23\xea\x84\x1f\x12\x71\x4e\xc6\xd9"
	"\x26\xca\x47\x4f\x35\xa2\x7c\x59\xae\x86\xaf\xb2\x65\x7d\xe0\x08"
	"\xd7\x11\xcb\xb2\x1a\x71\x80\x6d\xbf\x6d\xf6\xde\xa5\x40\x58\x49"
	"\x24\x64\x24\xd0\x32\x58\x99\xe2\x4c\xcc\xf2\x07\x14\x13\x88\x43"
	"\xa2\x09\x43\x90\xc0\x95\x40\xe3\x61\x4e\x53\xe4\x38\x26\xfb\x40"
	"\x99\xfe\xe9\x93\xc0\x24\x61\x51\xe1\x15\xe4\x25\xe6\x86\x2f\xa8"
	"\xf1\x6a\x86\x04\xf7\x92\x54\xf0\x9b\xdc\x90\x3c\x84\x51\x8e\xa2"
	"\x76\x2b\xe4\x02\x0b\x54\x49\x9b\x8c\x68\x64\x26\x80\x0c\x0d\x84"
	"\x49\xa9\xce\xc8\xa5\x18\xfb\x3a\xd5\xfe\x2a\x66\x23\xdf\x66\x21"
	"\x8c\xfb\xe7\xdb\xef\xe7\xc9\xe6\xc7\xfb\xf1\xe3\x97\xdd\xe4\xeb"
	"\xf7\xe3\xe7\x79\x24\xad\xb6\x60\x79\xa3\x31\x07\x77\x42\x37\x12"
	"\xe4\xc7\xee\x1f\xd2\x6f\x54\xec\xda\xe0\x86\xb8\x7c\xc3\x16\xb0"
	"\xb1\xda\xe1\x0f\xd5\xdd\x4d\x69\x37\x62\x3d\xaf\x2a\xe5\x57\xdb"
	"\x30\x0a\x8b\x34\xb9\xb0\x75\x9c\x43\x57\x74\x42\xe2\x30\xb8\xdc"
	"\x7d\x0c\x98\x55\x7c\x3c\xbe\x7e\x8e\xbf\xd7\xbb\xd5\x90\x6e\xa3"
	"\xa9\x50\xd1\x32\x06\x43\x63\xde\x7d\xbc\x9d\xdf\x9e\x20\x4f\x3a"
	"\xfe\xa3\x2c\x4f\x8b\x94\xa6\x51\xff\xa3\x3f\x86\xd0\xf0\xa2\x07"
	"\xbc\xb2\x06\x07\x5e\xdf\x19\x9a\x20\xf7\xb4\xda\xbe\x2c\x69\x9b"
	"\x6d\x74\x99\xd4\x6b\xd2\xde\xe6\xc7\x8f\x7f\x8f\xb9\x3e\xf3\x82"
	"\x80\x6f\x81\x3a\x87\x59\xce\x78\xec\x80\xef\xc5\xe8\xa4\x09\x75"
	"\x1c\x06\x0c\xb1\x2f\x22\xdf\x5e\x38\x25\x46\x8c\xd8\x12\xfd\xdd"
	"\xdc\x71\x97\x88\xd5\xe2\xcf\x6d\xac\x4e\xdf\xf6\xfd\x10\x6b\x8f"
	"\x7b\xbd\xeb\x91\xe6\xda\x49\x2c\xc7\xcf\xf3\xe5\xc5\xf1\x95\x1d"
	"\x4d\x5a\xf0\xa7\xa7\xe3\xcb\xf1\xe3\xed\xdb\xf1\xdc\xb3\x7c\x88"
	"\x50\xd3\xf6\xcc\x41\x5c\xe6\x2f\xd4\xee\x03\xad\xa6\xc6\xd7\xc7"
	"\x97\xb7\xaf\x93\xf3\xdb\xe4\xf9\xf4\xf5\x74\x7e\x7c\x81\xfb\x6d"
	"\xd1\xe4\xb0\xfe\xf9\x0c\xc9\xa3\x25\x48\x73\xe4\x82\x42\x90\x7c"
	"\x1b\xfd\x95\x8d\x78\x01\x0b\x52\xcf\x3b\x57\xed\x6a\xdb\xcf\xdf"
	"\x4e\xbf\x3c\x9f\x3e\x8e\x4f\xb0\x8d\xa1\x9d\x2e\xe6\xbd\x40\xe7"
	"\x0d\xf9\xf1\xfd\xf1\x49\x54\xf2\xfa\x74\xbc\x6b\xe4\xb6\x87\x0e"
	"\xcf\xf6\xd0\x31\xcc\xa7\xc3\x96\x03\xd9\x63\xf1\xbf\xa6\x45\xfe"
	"\xe3\xf5\xfc\xc7\xf1\xf3\xd4\x6b\x70\xe1\xbb\x58\xad\x82\x34\x1d"
	"\xc6\x5e\x38\x9e\xff\x7a\xfb\xf8\x53\x72\xe8\xc7\xff\x1f\x3f\xfe"
	"\x7b\xc2\xbe\xbd\x1f\x9f\xe5\xf8\x28\x32\x28\x6f\xe1\x0e\x2f\x4f"
	"\x88\xe0\xe6\xbf\x8f\x93\xe3\xeb\xf1\xe3\xeb\x8f\x89\x94\x32\x90"
	"\x42\x46\xbb\xbf\x0d\xe7\xbe\x37\xec\x45\x7e\xfc\x7c\x7b\x81\x35"
	"\x7c\x07\x4b\x1d\xbe\xc0\x58\xea\x88\xd3\xac\x3d\x9c\x7d\xfe\x7e"
	"\x7c\xfc\xf3\xfb\x3b\xd4\x28\x9a\x39\x4e\x3e\xdf\x8f\xc7\xa7\x3f"
	"\x3a\x19\x3d\x1a\x4d\x51\x0f\xa2\x06\x5e\xa4\xe7\xf9\xe3\xed\xf4"
	"\x7c\x53\x2c\x84\x6f\x9a\x1b\xe9\x5b\xdb\x49\x90\xa7\xe2\xe4\xb0"
	"\xeb\xe5\xa7\x69\x8d\x64\xa9\xba\x6f\x36\xb3\xd8\x3a\xe0\x4e\x5c"
	"\x18\x2c\x9b\x70\x34\x98\x0a\x20\x9a\xcf\x3a\x12\xd1\xff\x31\x25"
	"\x42\x69\xa6\x65\x31\xf8\x79\x17\xb5\x29\x93\xad\x01\x12\x13\x3d"
	"\x60\x95\xe6\x34\x94\xe6\x29\x18\x79\x28\x4c\x3a\x89\xc9\xb8\x15"
	"\x75\x22\x4c\x29\xba\x11\x3b\x1e\x0b\xa2\x10\x19\x5a\x96\x0a\xb5"
	"\x4e\xca\x22\xad\xf3\x50\xd8\x8d\xca\x46\x71\xa5\x42\x71\x1d\x93"
	"\x7c\xfb\x4f\xdb\xb2\x86\x33\xb5\x4c\xb1\x80\xa3\xe2\x34\x54\x8b"
	"\x93\xd0\xdc\x99\x22\xa7\x9d\x35\x32\x8e\x35\xaf\x21\x87\xcc\x32"
	"\xc5\xa2\x56\x24\x4c\x4c\x1a\xcf\x90\xc0\x94\x4d\x94\x24\xb1\x4b"
	"\x6d\xeb\x2a\x12\x87\x0e\xf1\xc7\xfe\x0b\xd2\xc7\x3d\x8b\xa8\x18"
	"\x96\x25\x3d\xe8\x0c\x08\xcc\x21\x0a\x8b\xd0\xb0\xe5\x73\xec\xa2"
	"\x75\x9d\x87\x07\xcc\xdb\x30\x63\xd3\x91\x55\xbd\x7e\xfc\xfc\xf3"
	"\x78\x1e\x8b\x5e\xd1\x4e\xc4\x9a\x08\x6b\xa8\x10\x53\x2f\xa4\x75"
	"\x9f\xe6\x5b\xec\x1c\x06\x47\x4c\xc1\x60\xb6\x1a\x1a\x8c\x0f\xdf"
	"\x1f\x5f\x9e\xde\xbe\x7d\x9b\x10\xa1\xd1\x84\xe9\x38\xa1\x51\x30"
	"\xd9\xc3\xf3\xba\x6f\x6f\xcf\xdf\x5f\x8e\xb7\x85\xf7\x40\x89\xe0"
	"\x6b\x50\x03\x51\x71\xca\x54\x4a\xc1\x6a\x90\x27\x91\x9f\xfe\xf5"
	"\xf4\x38\x73\x17\xea\x77\xa6\x75\x1a\x05\x2b\x86\xf8\x23\xd1\x4d"
	"\x2e\x36\xff\x6b\x98\x22\x8e\xf7\xf2\x2c\x94\xc7\xeb\x9b\xd8\x4f"
	"\x4e\xc7\xcf\xc9\xe9\xf5\xe9\x7f\x26\xf0\x16\xe3\x13\xdc\x19\x7e"
	"\x3f\x3d\x5d\x78\x35\xb4\x46\xc0\x84\x0f\x2b\x61\x8a\x37\x87\xa2"
	"\x9e\x4f\x69\x2e\xcc\x43\x35\x5d\x6b\xd6\xcd\x91\x95\x5d\x6d\x64"
	"\x38\xa8\x8e\x1f\x32\x55\x50\x12\x64\x00\x54\x22\xc9\xa9\x5e\xc8"
	"\xe2\x1f\xe0\xb0\xc2\x20\x72\x1b\x24\x43\xe5\xb0\xea\x14\xaf\x6d"
	"\x96\x91\x4e\x58\x10\xf1\xef\xf1\x95\x9f\x11\xd4\x02\x07\xda\x3e"
	"\x60\xb0\x6a\x56\x2c\xec\xe5\x6d\x6d\xbc\xec\xfb\xcd\x80\xdf\x7f"
	"\xaf\xa9\x16\x0f\xce\xfb\x40\xeb\xf5\xca\xad\xe3\x0d\x83\x29\xaf"
	"\x0e\xe3\x5d\x68\x01\x4c\x4c\x6d\x4c\x12\xb2\x56\x4d\x4d\x98\x11"
	"\xdb\x26\x3d\xaf\xdf\x0e\xdb\x9a\x03\xba\x38\x54\xd6\x6a\xb4\x57"
	"\x59\xb1\x60\x60\x50\xc6\xd9\x78\xa9\x1c\xfe\xb4\xf6\x10\x2a\xbc"
	"\xf4\x12\xb2\x90\xc3\xe5\x4f\x00\x93\xbf\xe6\xff\xbc\xbe\x0c\x13"
	"\xa7\xf9\x8d\x58\x31\x24\x55\x53\xaa\x29\x85\x35\x8f\x7d\xc7\xb3"
	"\x5a\x43\xb8\x3a\x3d\xbe\x7d\x3b\x4d\x7e\x7b\x7b\xfc\x78\x16\xa3"
	"\x7f\x69\xcc\x1a\x45\xee\x94\x5f\x92\x88\xa5\xc5\xa6\xe3\xee\xa7"
	"\x52\xe1\xa3\xf7\xb8\x3a\x52\x61\x14\xc9\x6c\xd0\xc1\xc4\xcc\x88"
	"\x09\x08\x92\xd2\x5e\x05\x41\x08\xb6\x8d\x19\x25\x18\x4a\x8c\xa8"
	"\xe8\x8e\x4e\xc5\x65\x42\xcd\xed\x65\xfc\x20\xb6\x38\x23\xac\xd8"
	"\x1c\x62\x33\xaa\x1c\x8d\x08\x29\xb6\x0f\xf8\x04\x1d\xa5\xe9\xb6"
	"\x54\x84\x6c\x43\x76\xa1\xdc\x63\xb2\x3c\x14\x3b\x91\x22\x94\xff"
	"\x21\xed\xda\x9a\xdb\xc6\x91\xf5\x5f\x71\xf9\x69\xb7\x2a\x39\x11"
	"\x2f\x92\xa8\x87\x3c\x40\x24\x25\x21\xe2\x05\x26\x48\x59\xce\x0b"
	"\x4b\x63\x2b\x13\xd5\xc6\x96\x8f\x2f\xbb\x93\xf9\xf5\x07\x0d\x90"
	"\x12\x01\xa2\x29\x6f\x9d\x9a\xd4\x24\x42\x7f\x04\x41\x5c\x1b\x40"
	"\xf7\xd7\xe7\xf5\xe7\xb4\x45\x52\xc1\xec\xc2\x5f\xc7\xfb\x7f\x5d"
	"\x2d\x5e\x76\x8f\x7b\x50\xf5\xba\x93\x78\x67\xcd\x82\x69\x80\x94"
	"\x14\x61\x62\x01\xc4\x8a\x47\xeb\x4b\x2b\x1f\x70\xa6\xfb\x88\x11"
	"\x5d\x07\xc6\xe9\x18\xa3\x4d\xd7\x51\x88\xd5\xa5\x0e\xf2\x3f\x02"
	"\x42\xa8\xf7\x3b\xa0\x30\x0a\xe3\x29\xb2\x51\x31\x60\x33\xf7\xe2"
	"\x27\x86\x1c\x22\x38\xd6\x48\x40\x43\x40\xdc\xe4\x05\xbd\xb1\xb5"
	"\x7c\x47\x91\x80\x03\xa7\xee\x70\xed\xc8\x30\x73\xc4\x6e\x9b\x86"
	"\xf6\x62\xa6\x11\x17\xdb\xeb\x24\x41\x4f\x2a\x23\x1e\xda\x3a\x96"
	"\xc1\xaf\x24\xb1\x64\xec\xb1\xae\x02\x27\x13\x01\x4b\x58\xc8\xdb"
	"\x60\x44\x16\x71\xc1\x52\x6d\x22\x22\xec\xa6\x5e\x86\x61\x1d\x8c"
	"\x02\x7b\x73\x02\x20\x4d\x87\x10\xb4\xc9\xc2\x1f\x21\x31\x4a\xe8"
	"\xe9\x1d\x48\xcc\x54\x00\x24\x97\x00\x2a\x07\xc4\x9e\x02\xd6\x14"
	"\x09\x98\x20\x06\xab\x27\x00\x76\xa3\x7a\x06\x0c\xe4\x90\x0c\x02"
	"\x22\x95\xc3\x6c\xe2\x8c\x51\x40\x32\x08\x10\xaf\x50\x75\x3d\xbb"
	"\xf8\x19\x03\x15\xd1\x64\x71\xa9\xaa\x66\xb3\x8b\x80\xc9\xa5\x77"
	"\xcc\x2e\x55\xe6\x0c\x89\x1b\xd1\xd4\x55\xe0\x8f\x51\xb9\xd0\xcc"
	"\xe2\xfc\x02\x06\xb4\xba\x3e\xe4\xa4\x99\xc1\x9a\x01\xa4\xa4\x30"
	"\xab\xd3\x8d\xae\x82\xc8\xc1\x92\xb3\xc6\x23\xde\x28\xf8\x3a\xcf"
	"\x88\x9e\xda\x96\xa6\x2f\x69\xca\xd0\x17\x88\x9d\xa4\x35\x7d\xc9"
	"\xaa\x73\xba\x56\x67\x52\xab\x6b\x64\x88\x3b\x7e\x66\x7d\xb8\x29"
	"\x76\x42\x4b\x24\x30\xe2\xf9\x03\x86\x30\xaa\xc4\x43\x88\xe6\x63"
	"\x87\x20\xea\xf3\x86\x10\xd9\x45\x44\x5b\x11\x83\xef\x11\xf2\x79"
	"\x9c\x2d\xb1\x40\x6b\x6d\x49\x86\x31\xcd\x07\x5d\x00\x35\xc5\x19"
	"\x42\x45\xa7\xea\x23\xcb\x1c\x31\x88\x96\x5d\xb6\xfd\xb4\x0b\xb0"
	"\xa6\xa2\x87\x51\x1f\xc8\xa8\x69\x8e\x61\x50\xf6\x11\xd0\xa9\x07"
	"\xe1\xb0\x1b\x55\x24\x1e\x56\x73\x82\x01\x9a\x2f\x1b\xc4\xa8\x42"
	"\x0f\x42\x12\x06\x9e\x2e\xd2\xcb\x76\x10\xda\x56\x13\xb6\x32\x9c"
	"\xeb\x68\x08\x21\xe7\x3b\x0c\x10\xaa\xf3\x79\x56\xd5\xb9\xe8\x2c"
	"\x83\x2f\x82\x75\xd2\x9d\xdd\x5e\xc8\x86\x23\x54\xae\xed\xec\xb4"
	"\x22\xdf\xe2\xe1\x4e\x3f\x08\x69\x67\xac\x41\x4c\x3b\x15\x99\xa0"
	"\x56\x23\xbe\xe5\x8c\x66\xfa\x1d\xc7\x39\xad\x55\x59\x9a\x3b\x03"
	"\xd0\x84\xf9\xf1\xfd\xc5\xb6\x41\x97\x36\xf1\xea\x6e\x5d\x4b\x11"
	"\xdb\xcb\x79\x47\xcf\x26\x45\xaa\xd8\xaf\x5b\x1b\x7a\x6b\x7a\x1d"
	"\x6f\x4a\x88\x50\xd3\xdd\x4c\x1a\x08\x38\xe5\x82\x13\x13\x52\xe4"
	"\x55\xd6\xd9\x84\xca\xeb\xf6\xa2\x20\xa5\xd8\x24\x92\xd1\x28\x18"
	"\x07\xe3\x2e\x41\x3a\xa7\x09\x90\x58\x9d\x20\xce\xc4\x19\xc9\xff"
	"\xb4\x17\x4d\xfc\x13\x40\x64\x30\x73\x35\xff\x6e\xa3\x20\x9b\xb0"
	"\x6c\x2c\xbb\xed\x8a\x97\x40\x2b\x20\x67\x81\x95\x33\x27\x25\x34"
	"\x99\xe7\x5b\xf3\x15\xe9\xaa\x42\xee\xfc\xd5\x19\xcb\x00\xc0\x73"
	"\x47\x75\x2a\xb2\xb4\x17\xa8\x31\x78\xc0\xe4\x4d\x71\x30\x46\x23"
	"\xa5\xb6\x82\x76\x4a\x59\xa8\x2f\x88\xda\x12\x4c\x85\xde\x5b\xe9"
	"\xe7\x16\x2a\xe9\x7c\x5b\xa9\xce\xc8\xe0\xcc\xfb\x70\x7f\x25\x85"
	"\x57\x6c\xf7\xe7\x5e\x7a\x02\xf4\x99\x4d\xd5\xd3\x70\xab\xba\x2c"
	"\x81\xf3\xd2\xcc\xf7\x2c\x81\x39\x25\xd6\x0f\x7d\x2d\x80\x9a\xc7"
	"\xc9\x02\xf5\xb0\xed\x3d\x22\x9a\x64\x33\xe5\xd6\x13\x59\x03\xb9"
	"\x20\x3a\xe9\x91\x15\xf0\x5f\xbe\x5d\x3e\x22\x86\x92\xd8\xbe\x96"
	"\xc9\x7c\xe0\x99\x13\xbd\xbb\x98\x55\xcb\x95\x18\x1b\xcb\xd5\x40"
	"\x99\x37\x1d\x95\x26\x5f\xa8\x64\xb3\x5e\x95\xd1\x45\xdb\xfa\x25"
	"\xed\x35\x63\xa7\xcf\x72\xf5\xbc\xd6\x8f\x21\xad\xde\x78\xe8\xe0"
	"\x90\xf2\x0f\xd4\x86\xf8\x6e\x69\x29\x81\x1b\x7a\x9c\x72\x83\x9c"
	"\x24\x6b\x50\x95\x32\xac\x0b\x27\xe4\xfb\x9d\xe8\xeb\x8c\x19\x77"
	"\x9c\x52\xa8\x3a\x63\xff\x9e\xe5\xf1\xf8\xb6\x7f\x7e\x39\xde\x5b"
	"\x4d\xa0\x62\x88\xbb\x00\x76\xf2\xfd\x07\x9f\x1f\x5f\xff\xec\x4f"
	"\x99\x62\x13\xc7\x3b\xf7\xea\xf2\xa7\xbc\xb1\x37\xd3\xd4\xb6\x52"
	"\xf2\x6a\x65\xa4\xa4\x1b\xad\x73\xf7\x20\x05\xb3\x3a\x2e\x98\x30"
	"\xae\x2e\x61\x50\x31\xd3\xdd\x52\x2d\x00\xe4\xaa\xf7\x0c\xe4\x69"
	"\x34\x00\x51\x56\x10\xe8\xc6\x43\x80\xcc\x0c\xd4\x7d\x94\xa8\xe0"
	"\x7f\xf0\xdf\xaf\x6f\xfb\xc7\xab\xfc\xe9\x2a\xfc\x79\x78\xfe\xe7"
	"\xf9\xfc\x38\x32\xee\x6d\x1f\xe1\xa4\xf9\x5e\xac\x5a\xa1\x79\xa5"
	"\x3b\x7f\x39\xee\x1e\xee\x8f\x8f\x86\xec\xbc\x78\x42\x8c\xf2\x22"
	"\x4c\x45\x57\xea\xdf\xfb\x6d\xd9\x97\xc5\xcb\x7e\xff\x7a\xbf\x13"
	"\x53\xd5\xcd\xf1\x85\xde\xd8\x5e\x71\xf8\x9f\x74\x6b\x4b\x3f\x1d"
	"\x86\xeb\x32\x6d\x93\x2f\x7a\x20\x18\xc8\x46\xf3\x5e\xe7\x14\x9a"
	"\x05\x1f\xee\xdb\x45\x95\xd5\x37\x55\x5c\xc5\x70\xcf\x50\x72\x63"
	"\x96\x9e\x97\xf5\x4a\x64\x9d\xe8\x2e\x6c\xaa\x65\xf9\x9c\x62\x99"
	"\x8a\xe9\x3e\x34\x4e\x22\x92\xa4\x97\x04\x3b\x9a\x36\x5d\xcf\x1b"
	"\xf6\x00\x52\x82\x1b\x80\x29\x8d\xf4\x02\x48\x28\x55\x62\x9f\xd8"
	"\x03\x99\xe5\x82\x00\x17\x0b\x2d\xf0\x86\x14\xa5\x51\x59\x27\x39"
	"\x89\xba\xba\x87\xbc\x42\x60\x73\x6e\x40\x6f\xc4\xb6\x73\x15\x27"
	"\x4c\xf3\x03\x3c\x49\xe4\x21\xbc\x25\x3d\x5a\x84\xe6\x49\x7d\x58"
	"\x6a\x9c\xd1\xa7\x44\xf4\xf4\xff\x94\x99\x0c\x4b\x25\xfa\x42\x92"
	"\x10\xa6\x87\x88\x52\xed\x9c\x96\x40\x93\x63\x65\xd2\x51\x00\x75"
	"\x4c\xa4\x55\x9f\x71\xf7\xda\x0e\x54\x73\xda\xd0\xc6\x22\x1f\x90"
	"\x25\xae\x29\xee\xe6\x1c\x93\x22\xb9\xab\x0b\xd1\xdf\x7a\x67\x5f"
	"\xa2\x20\x79\x71\x27\x3b\xb2\xe1\xfc\x79\xda\x43\x8b\x1e\x51\xd4"
	"\x95\x54\x45\xb1\x17\xc0\xf7\xc8\x6e\x1e\xf7\x3e\x94\xb9\xcc\xf2"
	"\xa5\x08\xf3\x97\x94\xde\x86\x19\xf0\x5f\x96\x45\x82\x7e\x2e\xa3"
	"\x89\xf8\x9b\x03\x6b\x0d\x9b\x6c\xac\xe7\x15\x71\x59\xb1\x9a\xf3"
	"\xa2\xce\xf2\x92\x2e\xa4\xf6\x97\x57\xdd\x61\x08\x32\x7e\xc7\xe1"
	"\x5c\x50\x83\x7c\x85\x43\xcf\x91\x86\xaa\xe6\xe0\x30\x36\x80\x3a"
	"\x79\xc4\xf5\x5e\x68\xd6\x47\x1c\x56\x45\xdc\x50\xe4\xe9\x53\x42"
	"\x63\x34\x04\xd6\x5e\xe0\x3e\x6b\x17\xca\xbc\x69\xef\x51\x59\x40"
	"\xb8\x8b\x2f\xc4\xa2\x4b\xba\x0a\x41\x53\x5b\x06\x5e\x7d\x36\x74"
	"\x6e\x98\xe2\x7a\x68\xf9\x19\xe7\xf8\x92\x1d\x21\xdc\x2c\x9b\xf3"
	"\x99\xe2\x78\x14\x83\x7d\xe3\x1a\x89\x71\x15\xf5\xda\x3e\xa5\x19"
	"\x35\xa7\x4d\x1d\x41\x58\x81\x36\x3c\x84\x0a\x80\x89\x73\x29\xba"
	"\x66\x19\x23\x6c\xd0\xf2\x5c\x28\x21\x11\x95\x1e\xcb\xff\x1d\x3a"
	"\x2e\xd0\x09\x7d\xc1\x89\xef\x07\x23\x70\x9b\x30\xbe\xf3\x96\x94"
	"\xe1\x2a\xca\x97\xfd\x1a\x10\x1f\x5b\x82\xe1\x57\x92\x2f\x45\x9b"
	"\x1b\x42\x65\x98\x70\x0b\x0f\xce\x69\x09\x01\x22\x54\x47\xea\xd5"
	"\x99\x84\x50\x06\x97\x44\x26\xd1\xbc\x66\xff\x2b\xb4\x2d\x1e\x92"
	"\x44\x29\x53\xa6\xe4\xbc\xec\xaf\x8c\xde\xc0\xf4\x23\x71\x1e\xc7"
	"\x92\xd7\x86\x16\x37\x26\x50\x0c\xb9\xaa\xa4\x5d\x5b\xee\x2e\xba"
	"\xe1\xf8\x34\xaf\x1e\x41\x51\xb1\xa5\xd5\x6c\x5d\xda\xa6\x8b\x9a"
	"\x27\x71\xcc\x6c\xb3\x09\x90\x54\xf5\x5e\x22\xbb\x85\x98\x07\xfa"
	"\x2b\x0a\x84\x30\x57\xc3\x82\xa5\xbd\x17\x85\x34\xdb\xe4\x6b\x23"
	"\x1f\x49\x43\x67\xee\x8a\xe5\xa0\x48\xcd\xa9\x11\x4c\x43\xd4\x48"
	"\xb0\xf7\x64\xf1\x72\x31\x29\x17\x31\x46\xc2\xdb\x8e\x1a\x5b\x63"
	"\x8a\x67\xa5\xe2\x05\xb9\x43\xd7\xd1\xbf\x29\x8a\x0a\x4d\xa4\x15"
	"\xeb\x5b\x49\x96\x9b\xc0\x9a\xa9\x68\x28\xbe\x4a\xcf\xf5\xd7\xe5"
	"\x4b\x51\x96\xb9\x72\x46\x68\xa6\x1a\xe4\xc8\x14\x16\x74\xb1\xef"
	"\x05\xc2\x5e\xf3\x46\x04\xda\xa0\x30\x2b\xfa\x66\x15\xc7\x4d\xb7"
	"\x95\xef\x01\x8b\x48\x31\x12\x0d\x6b\x22\x95\xc1\x56\x74\xa4\x98"
	"\xac\x91\x1a\x69\xb8\x5e\xcc\x48\x5e\x1d\x51\xf9\xdd\xac\x0d\x65"
	"\x11\x8f\x50\x39\x2b\x73\xf7\x3b\x15\x7f\x04\x54\x01\xb4\x21\x57"
	"\xb7\x40\x65\xdf\xde\xbe\xdb\xb7\x47\xb0\x68\xb9\xb8\xc8\x6e\x21"
	"\xa3\x56\x3a\x2c\xfc\x89\x92\xf6\xd8\xa3\x34\xe5\xb8\xec\x9b\xcc"
	"\x6f\x0f\xbf\x0e\x4f\x7f\x61\x1a\x75\xe3\x4f\xb0\x09\x2b\x4b\x3d"
	"\x33\x58\xf2\x37\x8b\x22\xbe\x69\x4f\x06\x9a\x9f\x57\xcb\xa3\xc8"
	"\xe8\xe9\xd8\x55\x91\x1b\x51\xbd\xcc\x37\x6d\xbc\xe5\x3c\x8b\x62"
	"\xd0\x98\x3b\xbe\x1e\x1d\x90\xb5\xef\x68\x00\xd0\xb4\x38\xd9\x20"
	"\x62\x60\xb7\xe0\x8c\xa0\x4f\x8b\xdd\x36\xdd\x98\xdd\x72\x4e\x81"
	"\x06\xec\x56\xeb\x33\xf2\x64\x27\x4e\x13\x02\x61\xa5\x32\x7b\x6e"
	"\xea\xe1\x5b\xd1\xf6\xc3\x90\x90\x84\xab\x78\x08\xa5\x5e\x64\x97"
	"\xc1\x98\x49\x3c\xb3\xae\x23\x73\x33\xd2\x7b\x29\x89\x8a\x38\x6b"
	"\x3a\x3c\x86\x59\xb2\x4a\x14\xbf\xf7\xdd\x6a\xde\x69\xc0\x8b\xdb"
	"\x7e\x06\x4d\x53\x6a\x4c\x82\xda\x43\xe2\xef\xf9\xed\x40\xa6\x37"
	"\x39\x47\x3f\x58\x46\xe3\x0c\x53\xdd\x1c\xf0\xdc\xeb\xd4\x04\x6c"
	"\xa3\x3d\x90\x14\xe3\x6d\x45\xc5\x7f\xbd\xdd\x1f\x9f\xda\xc8\x5f"
	"\x16\xb2\xb4\x86\x91\x9c\x44\x61\x6d\xf2\xf8\xeb\x08\xe0\xcc\xd0"
	"\xec\x77\x54\x32\xc4\x50\xf3\x90\x10\x51\x0d\xa4\xf1\xeb\x01\x7b"
	"\x0b\xca\xc3\x21\x64\x51\x06\xb3\xa9\x47\x86\x20\x3c\x1d\x8f\x75"
	"\xc7\x39\x5d\xde\xf2\x5a\x1b\xb3\x76\x5e\x58\x6d\x86\xba\x3c\xb7"
	"\xe2\x47\x4f\xdb\x3c\xa7\xd5\xa1\xb6\xb3\xed\x08\x80\xcb\x2a\xcf"
	"\x80\x2d\xaf\xb0\xbf\xa2\x5e\x83\x21\x5c\xad\x69\x35\x90\xdc\x50"
	"\x70\xc4\xd1\xf9\xb5\x5a\xfe\x2d\x3d\x24\x92\x6b\xf3\xb8\x9e\x67"
	"\x5b\x12\x0e\x53\xc8\x09\xe2\xea\x19\xf3\x5b\x8b\x83\x82\x89\x68"
	"\x9e\xb5\x98\xfe\x5e\x32\x2d\x77\x86\x4c\xcb\x91\xa0\x63\x24\xda"
	"\x26\x9e\xd8\x26\x83\x37\xed\x90\x1c\x3b\xc5\x99\xa7\xc4\x41\x6c"
	"\xcb\x85\xc8\x75\x31\x51\xe8\x8c\x47\x2a\x9c\x8f\xdd\x7c\x94\x60"
	"\xf4\xcf\x11\xf1\x10\x3f\xd9\x28\x25\x45\x84\x58\x96\x28\xd9\x0c"
	"\x97\x21\xb6\x9c\xb2\x69\x8b\x1c\xd8\x72\x55\x69\x2d\x0c\xad\x7a"
	"\x03\x96\x0d\xce\x03\x4b\x4c\xbb\xe9\xe8\x96\x47\x33\x44\x12\x7e"
	"\x5b\x3b\x23\xc7\x7e\x08\x9a\x86\x9e\xeb\x61\xec\x79\x64\xea\x8f"
	"\xf1\x56\x6c\xe5\x38\xef\x1f\x99\xa2\xa6\x14\x29\x09\x7c\xc4\x88"
	"\x5e\xc8\x66\xe3\xb1\x33\x20\x43\x3e\x65\x1b\xfa\x23\xc4\xf1\x5e"
	"\xc8\x26\x2e\x32\xb1\x89\xad\x83\x37\x42\x88\x2f\x78\xb9\x0e\x3c"
	"\x24\xdc\x3c\xc8\xe6\x64\xfc\xff\xf2\xae\x70\x27\xa8\x9f\x84\x3b"
	"\x73\x70\x51\x80\x89\xfc\x29\xee\xae\x81\xbf\x6b\x8a\xbf\x6b\x3a"
	"\xf3\x50\x27\x8f\x60\x8a\x89\x66\x2e\xfa\xd4\x0c\x61\x28\x0b\xa5"
	"\xd1\xb4\x03\x8b\x97\x7d\xc9\xc8\x36\x71\x92\xb3\xb8\xd9\xd3\xe6"
	"\x58\xe0\xe2\xc0\x47\x9c\xbe\x57\xdb\x29\x32\xc8\x69\x46\xdc\xed"
	"\x16\x7d\x73\x52\x86\xae\x3f\x75\x70\x19\x46\x3d\x07\x32\x84\x94"
	"\x5f\xac\xb4\x0e\xc6\x75\x01\x32\x07\x0b\x3b\xa3\x84\x01\x2a\xc3"
	"\x08\x4a\xc0\xbc\x6f\x82\x7c\x7f\x1a\x32\xcf\x45\xb8\x6a\x40\xe6"
	"\x23\x4c\x2d\x19\xa9\xa6\x81\x75\xfd\x96\x5a\xc2\x06\xf4\x90\xde"
	"\xbe\xe5\xa4\x3f\x08\xe9\xb8\xb7\x19\x2a\xb1\x46\x50\x47\x8a\xc5"
	"\xa0\x58\x66\x4b\x2f\x43\x36\x18\x84\x47\x52\x77\x4a\xf3\x68\x80"
	"\x11\xb0\x94\x45\x1f\x05\x4e\x38\x28\x46\x9c\x79\x5a\xb1\xcf\x47"
	"\x08\x2f\xa3\x42\x38\xae\xe3\x05\x43\xf2\x51\xc0\x9d\x91\x3b\x98"
	"\x43\xc0\x47\xe3\x41\xc4\xc4\xe1\x13\x84\x60\x47\x22\xc4\x1b\x10"
	"\x33\x33\x25\x9e\xce\x10\x1f\x29\x25\x0e\x26\x01\xfa\x09\x65\x12"
	"\xfa\x63\x24\x94\xdf\x66\x31\x71\x46\xe6\x70\x44\xa6\x56\xf0\x22"
	"\x6c\xff\x2d\x92\x77\x0a\xa0\x4d\xb8\xdd\x27\x17\x2f\xc7\xa7\xb7"
	"\xab\xf8\xe9\x41\x9b\x89\x61\x91\x2d\x62\x38\x43\xea\xbb\x79\x92"
	"\xc7\xe7\x5f\x87\x1f\x87\xde\xdc\x1d\x78\x13\x8b\x8f\xd9\xcf\xfd"
	"\xa3\x0c\xe9\xa2\x18\x0b\xf4\x47\xca\x84\x08\x4d\x6e\xd5\x70\x14"
	"\x20\x3a\x4c\x3c\x41\x74\x94\x30\xe4\x01\x36\x7f\x91\x1b\x74\x33"
	"\xbd\xf9\x1e\xcc\xfa\x74\x8f\xab\xc3\x43\x4b\xaa\x00\x8e\x87\xca"
	"\xdc\xb8\xad\x2a\xce\x59\x2b\x3c\x09\x74\x7d\x84\xb3\xe6\x23\x8c"
	"\xd0\xd9\x8d\xed\xf2\xfb\x53\xb7\xe6\xa3\xe1\xd6\xe9\x7a\xa7\x8d"
	"\x10\x22\x02\x21\xf2\x26\x23\x54\x84\xfa\x21\x8e\x7d\xd7\x41\x45"
	"\xfe\x04\x17\x61\x7a\xed\x78\x3c\x73\x0b\x5c\xe6\xe1\xb2\x11\xfa"
	"\x65\x13\xd7\x2f\x50\x25\x0a\xd6\x90\x09\xea\x17\x38\x9e\x04\x13"
	"\xf4\x51\x10\xcf\x26\x03\x4a\xf8\x78\x8a\x68\x44\x52\x14\xa0\xa2"
	"\x89\x83\x8b\xd0\xaf\x1c\x50\x31\x3c\xd4\x7f\x35\x08\x90\xfd\x47"
	"\xc4\xf2\x12\x98\x5f\xed\x42\xee\xfb\x88\x43\x7e\x3a\x71\x3d\xa4"
	"\x36\xc5\x02\x39\x76\xd0\x05\x79\x1c\xb8\xe8\xda\xe9\x4f\x11\x9b"
	"\x72\x90\xcd\x5c\x74\x06\x16\xe5\x1f\x05\x2e\xca\x5c\xab\x10\xe3"
	"\xf1\x74\x68\x92\x34\xea\xe0\xe4\x4a\xfc\xf0\xfe\xf8\xf8\xbb\x39"
	"\x07\x6b\x07\xe2\xe2\x65\xff\xbf\xef\xfb\xa7\xfb\xdf\x27\x0f\xd4"
	"\xbf\x81\xb9\x35\x8a\xf8\x17\x96\x24\x2d\x4a\x59\x5a\x49\xcb\x98"
	"\xdd\xdb\xf1\xe5\x4b\x74\x78\x7d\x7b\x39\xfc\xf1\xde\xb8\xa6\x74"
	"\xbd\x52\x0d\x5a\x35\xe5\xdf\xfe\x73\xf7\xba\xff\x9c\x88\x3c\xf6"
	"\x0f\x57\xc9\xf1\xf8\x7c\xf5\x0f\x91\xf9\x3f\xaf\x7e\x9c\x5e\xfe"
	"\xda\x79\xb9\x9e\xe1\x42\xa8\x6e\x23\x8b\xf7\xac\x9a\x3f\xfe\xfc"
	"\xfd\x72\x7c\xbd\x3f\x3e\xef\x85\xa8\x3f\xb9\xca\x0d\xe9\x08\x9d"
	"\x09\x40\x8a\xf1\x9c\xb5\xd2\xc9\xd0\x56\x17\x9d\x7e\xb6\x05\xf7"
	"\xc7\xd8\x8e\x74\xe9\x60\x1b\x20\x56\x79\xa3\xf1\x08\x1d\x9d\xcd"
	"\xb6\x6f\x79\x57\xe4\x03\xbb\x3e\x5a\x2e\x3d\x23\x8c\xb8\x9a\xde"
	"\xf7\xbb\x5f\x6f\x3f\x3b\x8b\x50\x9b\xfa\xf2\x76\x55\xa8\x60\x0d"
	"\x4f\x87\x37\xb3\x0a\x17\xb1\xef\x63\x43\x51\xca\x7c\x6c\x74\x78"
	"\xa3\x01\x75\x15\x84\x7d\x9a\xab\xd5\xfb\xe3\xe1\xe1\xf0\xf6\xdb"
	"\xda\x98\xa9\xeb\x21\x7a\x47\xb4\x2a\x91\x45\x70\x05\x3a\x11\xa2"
	"\xc4\xae\x4a\xee\x22\xe3\x77\x55\x56\x88\x84\xd3\x29\xb6\x9d\x04"
	"\x91\xdb\xaf\x76\x2a\xc6\xcc\x1b\x10\x23\x3f\xee\x77\xaf\xef\x2f"
	"\xfb\x47\xa0\x39\x78\x17\x35\x6d\xe9\xaa\xfe\x68\xa8\x33\xfa\xe8"
	"\xf1\x07\x15\x3d\x0a\xed\x35\x8d\x18\x5b\x11\xd6\xe9\x76\x82\xed"
	"\x80\x36\xd0\x25\x27\x83\x5d\xb2\x83\xc1\xde\xd0\x74\xdb\x84\xa7"
	"\x93\x88\x5b\x58\xa6\x0f\x7f\xfe\x7c\xb3\x0f\xdf\x6f\x51\xcd\xb1"
	"\x43\x18\x92\x88\x49\x1b\xe1\x31\x24\x2c\xe2\x33\x2c\x00\x80\x14"
	"\x62\x7e\x10\xf3\x95\x33\x1d\xe3\x22\x4c\x0d\x4b\x3d\xd7\x41\xc8"
	"\xf0\x40\x86\xac\x2e\x42\xe4\x21\x7b\x62\x21\x9a\x20\xfd\x0c\x44"
	"\x13\xe4\x28\x64\xc9\x5c\xc2\x44\x2f\x24\xa3\x91\x9d\x7d\x47\x69"
	"\x68\xc0\xfa\x9d\xb8\xb3\x11\xb2\x65\xd4\x41\x08\xdb\xbe\x14\x3a"
	"\xc8\x22\xf7\x8d\x13\xb1\x57\x41\xd8\xcf\x58\x31\x42\xe9\xe7\xcb"
	"\x02\x65\x8e\xdf\x88\x29\xc3\x0f\x31\x5f\xc5\xad\x98\x8a\x90\x06"
	"\xcf\x59\x29\xfa\x82\x3d\x57\x26\xca\xe9\x8e\x50\x31\xa7\x8e\xe3"
	"\x79\xa8\x08\x73\x20\x29\xd7\x9e\xe7\x60\x87\x47\x75\xb5\xa1\x1c"
	"\xa9\xb7\x32\xe4\x9e\x8f\x38\xc9\x49\x19\xc2\xb3\xda\xb6\x58\x29"
	"\x1a\x05\x63\x1a\x95\xb2\x00\x97\x4d\x91\xbc\x85\xcc\x1f\x7b\x58"
	"\x84\xc8\xb1\x13\xb8\x76\x9b\xba\x4d\x98\x25\x68\x9b\x6c\xe2\x34"
	"\x99\x8c\x10\x27\xbe\x4d\x32\xc1\x8e\x7a\xbf\x8b\xc6\x74\x5d\x0b"
	"\x23\x5c\xba\xfb\xf3\x69\xff\xa6\xce\xac\xad\x93\xc9\x1a\x75\x5c"
	"\x92\x22\x44\xe9\x5d\x8f\x66\x33\x64\x02\x6a\x8e\x96\x53\xb2\xcc"
	"\x06\xe6\xde\x33\x06\x3d\x12\x25\x4b\xcf\xc1\x03\xa1\x78\x63\xd7"
	"\x1f\x0d\xcd\xab\x32\x73\x5c\x1d\x68\xbb\xc6\x2a\x0d\xc7\x81\xef"
	"\xa1\x45\x35\x71\x46\x71\x55\x25\x9f\xe3\x45\xf5\xb6\xca\xc6\xcd"
	"\x72\xb3\xf6\xdd\xff\x3a\x3c\xf5\x1a\xa5\x61\x4a\x52\x44\xf7\x57"
	"\x9f\x81\xe2\xe6\xe9\x41\x6c\x02\x9f\xf6\x66\xa6\x32\x0e\x58\x51"
	"\xb1\xd2\x76\x59\xa1\x57\x04\xd0\x44\xa3\x57\x1a\xad\xba\xf8\x7c"
	"\x7c\x13\xcb\xef\xc1\x7a\xb5\x31\xc6\xe2\x44\x46\xdc\x09\x46\xe8"
	"\x01\xda\xd8\x47\x26\x7e\x25\x9b\xa2\x9b\x00\x6c\xf6\x05\x99\xe3"
	"\xe1\x1b\x0b\x6c\x2c\x96\x2c\xb1\x2a\x55\xe6\xb7\x8b\xda\xd6\x75"
	"\x8f\x24\x65\x33\x67\x64\xd1\x18\xd9\xcb\xfe\x15\x54\x16\xeb\x78"
	"\x9a\xb3\xd1\x64\x94\x2e\x91\x6e\xcf\xb0\x5b\x95\x15\xc3\xaa\x92"
	"\x25\x8e\x33\x70\xb1\xa0\xc4\xe8\x20\x62\x89\x18\x44\x98\xf7\xe3"
	"\x18\x3d\xe4\x14\x22\x6f\x3a\x34\xba\x64\x00\x6a\x7b\x7d\x8f\x31"
	"\xc5\x78\xc5\xdc\xd1\xc4\xfe\x19\xdf\x19\x11\xda\xc0\xc4\xae\x04"
	"\x3d\x01\xc3\x8e\xad\xae\xb9\x37\xd3\xcf\xaf\x5b\xd6\xb0\xbf\x0e"
	"\x8f\xa0\x2e\xab\xf3\xae\x57\x45\x63\x74\xce\xe0\x44\x85\xa1\x79"
	"\x93\xc8\x9f\x8d\xe1\x96\xbe\x9a\xa3\x4b\x2f\x8d\x48\x01\xe6\xb2"
	"\x31\x46\xfb\x58\x2c\x80\xe4\x08\x39\x79\xe4\xc5\x02\xd9\x25\xf0"
	"\xad\x78\xe7\x08\x7d\x28\xb0\x46\x00\x94\xfc\x10\x34\xa5\xe5\xdd"
	"\x89\x43\xfe\xbf\xa2\x1b\x72\x6c\x9b\xa3\x72\xff\xf8\x0c\x7b\x5b"
	"\xbd\xb7\x9f\x9e\xe2\x53\xa1\xb2\xd4\x65\xb4\xae\x65\xa4\x71\xca"
	"\x95\x51\x62\x77\xac\xd3\x54\xc9\xf2\x30\xaf\x18\xe2\x76\x9f\x26"
	"\xdb\xd9\x68\x82\xac\xef\x4a\x88\x9d\x10\xa7\x6c\x84\xdc\x38\x4a"
	"\xd1\x14\x59\xba\xef\x38\xd2\xa6\x52\x84\xac\xdc\x59\x69\x77\xe8"
	"\xd8\xa4\xb1\x19\xdd\xee\x14\xa3\x2e\xed\x06\xac\x4b\xfb\xa1\x1e"
	"\x20\x11\x3c\xa1\x16\xa5\xdd\xda\x15\xe4\x32\xac\x4f\x30\xb6\xe7"
	"\xaf\xac\xc8\xd8\xd2\xcc\xd4\x0c\x8b\xa0\x16\x9e\xe2\xe6\xea\xfe"
	"\xe7\xe1\xb9\x4f\x52\x28\x24\xe1\x8a\x32\xdd\x64\x63\xd9\x35\xed"
	"\x6c\x12\xa0\x4d\xeb\xac\xf8\xea\x98\xe9\x1b\x37\xed\x83\x37\x9e"
	"\x2d\x4d\xec\xc5\x39\x96\x0e\x5c\x8c\xa6\x67\x4a\x23\x25\x21\xea"
	"\xca\xcf\x57\xf9\x6d\x13\xb9\x4f\xb7\x49\x64\xa4\x28\x69\x29\xe9"
	"\x96\xe2\x22\x64\x95\x71\xb9\xc2\xa2\xbe\x25\x65\x8a\xd8\x50\x53"
	"\x46\xc2\x35\xd2\xd0\xe2\xd5\x60\x2a\x9e\x67\x65\x91\x27\x86\xc1"
	"\xbe\x92\x29\x9b\x9c\x1c\x99\x34\x15\x46\x19\x23\x62\xd1\x7d\x16"
	"\x69\xff\xf8\x0a\xc2\x88\xf3\xf7\x3f\x5e\xa5\x97\xc5\xb9\x35\x1b"
	"\xbb\x5c\x33\x56\x38\x04\x24\xc7\x63\x6e\xcc\xc3\xc6\x2b\x00\x02"
	"\xd0\x9b\x01\xca\xb5\x3c\xd8\x96\xd4\x6e\x90\xa5\x32\xc8\xfc\x65"
	"\x14\xe4\x87\xa2\x42\xd1\xbb\x19\xca\x54\x08\x08\xf0\xfd\x59\xe5"
	"\x59\x0c\xfe\xfc\x93\x09\x32\x2f\xca\x58\xeb\xca\x32\xf8\x26\x18"
	"\x4d\xfc\x9a\x93\x92\x0c\x23\xa9\x44\x6e\x3f\x80\xbc\x41\x4c\x91"
	"\xcf\x00\xf3\x13\x4d\x40\x65\x8c\x7a\x30\x62\x0b\x11\x3e\xb2\x34"
	"\xec\xdf\x13\xb0\xfd\x0b\xf0\x9c\xcb\x85\xec\x51\x9d\x47\xd9\x42"
	"\x92\xc2\x60\x09\x21\xda\x62\x5a\xa1\x8e\x57\x61\x68\x8b\xa4\x07"
	"\x12\xd6\xf5\x29\x83\x84\x88\x57\x4d\xa2\xe1\xfe\xe1\x8a\xae\x5e"
	"\x81\x0e\xca\x87\x3d\x3b\x2c\x4e\x66\x2c\x36\x4b\xd7\x0e\x01\xc2"
	"\xdb\x85\xab\xcf\x44\xa7\x78\xe7\x3a\xa5\x6b\x88\xe8\xe6\x14\x82"
	"\xe0\xe8\x1e\x8e\xba\xac\x1b\x24\xc5\x78\xaa\xa5\xb7\xbe\xfe\xe3"
	"\x00\x11\x8c\x3e\xfd\xfc\x4f\xf3\x8f\x7f\x3f\x3d\xa8\x7f\x5d\xf7"
	"\xa9\xef\xce\x6f\xb4\xfa\xc2\x99\x44\x79\x71\x16\x81\x7d\x79\x9e"
	"\xaf\x3b\xe5\x28\x0b\x12\xc6\x60\x7c\x57\x1b\x3e\x1e\x09\x9d\x67"
	"\x9b\x88\xa6\x29\x62\x79\x63\x8b\xf6\xd3\x86\x8d\x39\x2f\x53\x1b"
	"\x69\xac\x0b\x2b\x0d\xea\xb2\xb2\x10\xca\x42\x67\xba\x6e\x1e\x81"
	"\xfb\x5e\x1e\x91\x93\x23\xf1\xea\xf6\xea\xed\x65\x77\x2f\xd5\xaf"
	"\x7e\x67\xe3\xc8\x92\xa5\xa8\xb2\x4b\x3b\xbd\x10\x50\xcf\x21\xec"
	"\xdb\x48\x0c\xdf\xd8\x66\x66\x4c\x68\x91\xaf\x88\xa8\xc2\x4e\xad"
	"\xb2\xb4\xce\x99\x66\x34\xc8\x69\x6e\xab\x31\x9e\xd0\x54\x4c\xe3"
	"\x1a\x52\x25\x29\x43\x71\xc3\xab\xc4\x02\xc9\x96\x9d\xbe\x18\xf3"
	"\x6e\xc4\x1d\xf8\xa5\x1b\x46\xca\x94\x3e\xcf\x6e\x03\xb4\x3b\x16"
	"\x49\x21\xf0\x97\xf8\x7f\x19\x19\x41\x62\x54\x6c\x7a\x39\xc9\xf4"
	"\x39\x98\x7e\x2c\xad\xae\x2e\x6a\x17\xcb\x79\xcf\x0f\x6c\xc9\x4d"
	"\x5a\x9b\xc6\x72\xb4\xf5\x50\x5d\xe6\x9b\xb8\xc8\x84\x62\x77\xfd"
	"\xf8\xfa\xf8\x79\xf7\xf0\xb2\x7f\x3a\x7e\x7e\xfb\xfb\xba\x97\xcd"
	"\xc9\x2d\xb5\x13\x70\x4b\x06\xb8\x82\xd5\x68\x79\x07\xa6\x02\xa2"
	"\x63\x44\x7d\xc2\xed\xc5\x01\xe8\x2a\xe5\x1a\xd6\xb5\x68\x55\x66"
	"\xb3\xb7\x79\x11\x35\x7e\xdb\x1d\xfa\x5c\x02\xca\xb7\x50\xbc\xc5"
	"\xe6\x56\x2c\xf1\xbc\x6b\x0d\x28\x92\x44\x41\x74\xf3\xd1\x78\x5b"
	"\xba\xf5\x82\x63\xf6\x95\x5e\x6d\x1d\x2b\x42\xe2\x6b\xe1\xc8\x65"
	"\x42\xc5\x63\x70\xcb\x90\x79\x1a\x22\x28\x4d\xce\xe9\x16\x54\x95"
	"\xbe\x48\x3a\xf6\x28\xfd\xbc\xfb\x72\x5f\xd4\x8f\xb4\xe0\xa6\xc8"
	"\xc2\x2f\x31\x58\x4f\xf9\x36\x8f\x34\x97\x2c\xf8\x8d\x82\xc1\x09"
	"\x6d\x2e\xab\x55\x57\x50\x28\x87\x89\x12\xab\xa0\x6f\xb8\x68\x8b"
	"\x8b\x96\x0b\x8e\x56\x79\x1e\x0e\x08\xe7\xe5\x40\x59\x32\x9a\xf4"
	"\x1f\x6d\xbf\xce\x95\xcf\x75\x7a\x02\x24\x80\x39\x71\x3f\x55\xfc"
	"\xd9\x92\xb2\x2c\xfa\xc9\x96\x06\x6c\x45\xb6\x06\x94\x32\x51\xa1"
	"\x42\x35\x44\x8a\xdc\x3e\x7d\xa1\x95\x15\x4c\x8e\x38\x9a\x7d\x53"
	"\xfe\x0f\x83\xf9\x89\x61\x27\x77\xe1\xd4\x1a\x1a\x57\xa2\x68\x0e"
	"\x5f\x6f\x7c\x48\x95\x2d\xc4\xf4\x59\x17\xb7\x5c\x5f\x37\x16\x1c"
	"\x59\x61\xb0\x5e\x0d\x6e\xe5\x46\xe0\xba\x26\xad\x61\xd0\xce\x99"
	"\xb5\x99\x68\x22\x3d\xd8\xd6\x9a\x0f\x12\xb8\x04\x80\x19\xd1\x1d"
	"\x22\xd7\x2a\x10\x49\xae\x49\xb2\xe4\x98\x8c\x66\x09\x15\x4a\xa4"
	"\xfc\xad\x95\x59\x39\x9e\x34\x53\x15\x5b\xac\xed\x35\x20\xe6\x40"
	"\xb3\xe5\xdb\xc4\xa1\xe1\xd6\x20\xe6\x15\x4d\x4a\x9a\x89\x15\x69"
	"\x99\x91\xb2\x2a\x62\xad\x98\xd2\x63\xaf\x43\x95\x19\x99\x09\x54"
	"\x25\x48\xef\x06\xad\x08\x44\x09\x6c\xeb\x7c\x95\x97\x5d\x3e\x00"
	"\xf8\x09\xc4\xfd\xd2\xab\x4a\x9e\x1f\x2e\x34\x2f\x09\x56\x88\xc4"
	"\x06\x76\x4b\x8a\xcc\xf4\xb6\x97\x02\xd4\x0f\x56\x4a\xcb\x22\xd6"
	"\x5d\x5f\x17\x69\x59\x6f\x1c\x1b\x5e\x4a\x5c\xa3\x78\x86\xfb\x2d"
	"\x10\xe7\x2e\xb8\x8f\x0d\x2b\x25\x46\x66\x02\x39\x47\x6b\x5d\x33"
	"\xc4\x9c\xac\x1a\x8e\x7f\x6c\xf0\x42\x4e\x73\xb6\xb0\xbc\x04\x96"
	"\xc5\x84\xdc\x19\xef\x39\xa7\x8a\x79\x35\xa2\x85\x18\xc8\xb5\xf8"
	"\x6b\xf0\xf9\x33\x92\x24\xb7\xe4\x4e\x7c\x14\x30\x54\xde\x22\xd9"
	"\x82\x02\x6a\xbf\xba\xed\x80\xb6\xa2\xcb\xc8\x2a\xba\x04\x4c\x63"
	"\x51\xf1\x39\xb3\x3a\x09\x88\xc1\x13\xa7\x42\x6d\x21\x89\xfa\xc8"
	"\x86\x1a\xfc\xfe\xa7\xce\x91\xbb\xe0\x72\x49\xe9\x1b\x37\x45\x9f"
	"\x85\x96\xf9\x25\xda\x44\x72\x85\x3f\x2f\xf0\x9d\xe3\xb5\x7c\x26"
	"\xb6\x74\x58\xe5\x57\xd1\xc2\x10\xa9\x93\xdb\x9c\x7f\x59\x90\xf2"
	"\x4b\xbc\x85\xff\x67\xa5\x91\xfb\x69\x6c\x94\x46\xd3\xa4\x5c\x3c"
	"\x69\xef\x30\x9b\x85\xb9\x48\x88\xdf\xad\x02\x14\x0a\xbd\x85\x91"
	"\x65\xfc\xd5\xf7\xa6\x36\x39\xcd\x81\x0b\x42\x6c\xe0\xbf\x5e\x1f"
	"\x5e\x8f\x41\x30\x9e\x7d\x76\xae\xbb\x83\xf4\x0c\xad\xca\x45\x60"
	"\x55\x34\xcc\xf7\xab\x14\xcb\x1b\xde\xdf\x7e\x04\xd7\xdd\x33\xa9"
	"\xde\x18\x50\x1b\xc6\xd7\xfd\xfb\xc3\xf1\xea\x87\xad\x66\x80\xfa"
	"\xc2\xa8\x1a\x99\xb4\x36\x0d\xe3\xba\x42\x38\x98\x28\x93\xee\x7c"
	"\x21\x12\xa1\x56\xc0\x7d\x88\x1a\xe7\x7e\x52\x18\xae\x68\x02\x9a"
	"\xa4\x7d\xeb\x0c\x88\x8a\xda\xc2\xa7\xae\x85\xb6\xd9\xad\x0a\x23"
	"\xd2\x65\x99\xb2\xde\x4f\xdb\xfa\xa4\x04\xed\x22\x7f\x3e\x84\xae"
	"\x96\x62\x12\x9c\x5b\x7b\x81\xd8\x04\x2d\x22\xb1\x42\xc4\x9a\x5b"
	"\xa9\xa4\x10\x5a\x11\x5e\x2f\xe9\x92\x64\x25\x55\x9f\xdd\x25\x8e"
	"\x54\xde\x2a\x5a\xfb\x81\xc3\x8f\x5c\xc9\x94\x77\xa9\x3e\x45\x14"
	"\x10\x00\x1e\xd7\x71\x48\x34\x20\x5b\xe0\xb2\x58\xae\x6d\xf6\x0e"
	"\xce\x85\x36\x2d\xf4\x68\xbd\xd5\x57\x78\x5e\x42\xc4\x92\x0a\x15"
	"\xcf\x07\x8a\x3f\x1f\x28\xe1\x90\x92\x39\xa0\x12\x86\x05\x49\x11"
	"\x11\xbf\xa9\x08\x5f\x21\xc2\xcd\x80\x7e\x0a\x4e\xe6\x5b\x54\x41"
	"\x4d\x07\xaa\x86\xe1\xb2\x9b\x6c\xeb\x0f\x4a\x27\xb8\xb4\xb0\xbc"
	"\xb4\x1d\x2d\x70\xb0\xde\x5d\xac\xe5\x6f\x98\x1e\x12\xd8\x04\xb5"
	"\x9a\xa0\x36\x04\x15\x24\xf9\x9e\x9f\xc4\xf6\x81\xd8\xe2\xfc\x8f"
	"\xe2\x56\xe1\x87\x90\x81\xef\x7e\x08\xf7\x9d\x97\x91\x15\xa8\xc3"
	"\x3a\xdf\x38\x5c\x09\xed\xa4\xd9\x03\xf6\x00\xd7\x0f\xfb\x1f\xbf"
	"\x76\x6f\xfb\xeb\x1e\x50\x6c\x96\x93\x7e\x75\xeb\x2c\x40\x4d\x62"
	"\x41\x52\x5b\xb5\x03\x0d\xd4\x5a\xe0\xed\x7d\xf6\x8e\x6f\xd0\x35"
	"\x0f\xeb\x03\x71\x91\xb7\x73\xcc\x79\x3c\x35\x69\xf8\x39\x42\x0b"
	"\x30\x36\x3b\xa7\x74\x9b\x62\xdf\xca\x3a\xdb\x1d\x53\xf4\xbd\x7b"
	"\x55\x70\xce\x0c\xb8\xf4\xd6\xe5\x4a\x4c\xa0\xd1\x05\x71\xbd\xa2"
	"\x42\xe3\xec\x9c\x40\xc5\x25\x90\xc4\x61\x53\x66\x36\xb0\x23\x5c"
	"\x70\xfb\x75\x4d\x18\xb3\x15\x3a\xa1\x50\x4c\x90\x47\x04\x9f\x7b"
	"\x91\xa6\xc9\xba\x6c\x07\xe2\xc7\xb9\x87\x75\xf4\x81\x8e\xb8\x55"
	"\x28\x6a\xa1\x50\x68\x5f\xd9\x95\x4d\x91\x0b\x58\x1d\x84\x18\x68"
	"\x68\xa0\x00\xb1\xdc\x32\x40\xee\x47\x40\x1f\x7a\xdd\x07\x0a\x1e"
	"\x4c\x3e\x52\x26\xc4\x02\xcf\x00\x7d\xa4\xe0\x88\xf1\x8f\x01\xf2"
	"\x3f\x02\xfa\x48\x15\x20\xee\x63\x06\x68\x76\x19\x34\xf3\x3e\x90"
	"\xd3\xec\x23\x0d\x3c\xf3\x3e\x50\x4f\x33\xff\x03\x65\x0a\xa6\x78"
	"\x3d\x09\x8d\x1e\x3a\x7c\x1d\x5c\xce\xc6\x71\x3f\x52\x6c\x81\xc2"
	"\x3b\x01\xe1\x21\xa5\xf6\x01\x79\x2a\x89\x63\x8e\xb0\x56\xe0\x5e"
	"\xfc\x08\xef\x22\xe2\x72\x45\x8c\x2f\x22\x26\x17\x11\xd3\x8b\x88"
	"\xd9\x45\x84\x73\xf9\x63\x9c\xcb\x5f\xe3\xe0\x9f\xb3\xce\x69\x50"
	"\x17\xc3\xe2\x0a\x15\x43\x6c\x47\xa1\x00\x91\x6c\x10\x11\xc6\x49"
	"\x89\xdc\x38\x9e\x21\x59\x19\x57\x45\x3e\x0c\x2a\x72\x52\xd2\x4b"
	"\x2f\xbb\x2b\x68\x92\x5c\x78\xdd\x92\xc4\x17\x21\x45\x1c\xaf\x07"
	"\x11\x54\x7c\x17\xc9\xa2\x61\x4c\x56\xd1\xf2\x72\xf5\x5d\xfa\xa8"
	"\xb2\x2a\xd6\x58\xa8\x09\xc0\x98\x1b\xd4\xf3\xe5\x53\x62\xa3\x0e"
	"\xab\x32\x0a\x23\x55\x0b\x72\xa9\x92\xea\x0c\x68\x3c\x12\xfa\x9d"
	"\xc8\xd3\x37\xdb\x5d\x99\x72\xa0\xda\xdf\xbf\xbf\x80\xb1\x4e\x2f"
	"\xdc\xe6\x3a\xbe\xeb\x2c\xab\xf0\x4b\xaa\x70\x44\x3b\xbd\x03\xd2"
	"\x37\x08\xf0\x92\x95\x80\x28\x68\xb6\x44\x36\x25\x4d\x16\x88\xbb"
	"\xac\xdc\x39\xc5\x11\x0e\x01\x6e\x97\x68\x55\xe7\xe2\x7d\xf2\x83"
	"\x30\xa3\x42\xa5\x31\x41\x94\x4e\x2e\x6f\xf5\xcb\x82\x86\xa5\xf5"
	"\x42\xa6\x7f\x94\xdc\xa6\xd9\x37\x70\x6d\xd6\x8d\xa6\x64\x7b\xf0"
	"\xa4\x45\x6d\x17\x45\x3a\x5c\x40\x51\x8d\x36\xbe\xd1\x44\x52\xcd"
	"\x13\x06\xbb\x23\xb1\x0f\x8d\x8a\xaf\x9e\x3b\x9d\x04\x5a\x58\x8e"
	"\x95\xd8\x48\xc6\x99\xa8\xac\x4a\xc6\x12\x65\x77\x35\x49\x7a\x84"
	"\x64\x3d\xd0\x80\xa8\x5e\x88\x0c\xe6\x24\xd4\xbe\xa9\x8f\x82\xe5"
	"\x80\x33\x62\x3b\xec\x56\x94\x21\x12\x0a\x97\x4c\x8a\x0c\xb0\x73"
	"\x82\x60\x13\xcb\x2a\xf8\x7a\x7d\xdd\xab\x60\xd1\x55\xc5\x60\xdb"
	"\x5a\x2b\xb8\x91\x49\x8e\x33\x46\x84\xee\x3f\x5c\xcb\x2d\x3c\xa2"
	"\x1c\x21\xe5\xea\x43\x63\xe9\xba\xdd\x29\xbc\x89\x20\x9b\xd0\xa4"
	"\x57\xeb\x61\xe4\x85\x44\x11\xdf\x00\x95\x12\x5c\x96\x55\xf1\x39"
	"\xf0\x4e\x0f\xcc\x69\x54\x92\x39\x1c\x71\xac\x80\x64\x8c\x7f\x9d"
	"\xd9\x3e\x25\x35\x48\x52\xfa\x90\x32\x4f\xf3\xbb\x7c\x18\x43\x98"
	"\xa8\xb6\x14\xf1\xe8\x3c\xa1\x80\xa6\x8b\xd1\x6c\x18\x74\x47\x90"
	"\x60\x38\xe7\x32\x93\x05\xd8\xd5\xd0\xe8\xd2\xdb\xc2\x75\x94\xdf"
	"\x66\xd0\xfb\xad\xc7\xa0\x65\xbc\x34\xc7\xea\x29\xf1\x7c\xa4\x3f"
	"\xf4\xa8\xe4\x4d\xd7\xc9\x86\x91\xc2\xc7\x1b\x5b\x19\xda\x83\xc0"
	"\xa1\x4e\xda\xc3\x18\xfe\x6e\xe7\x21\xfe\xf5\x1a\xfc\xd6\x1e\x8e"
	"\xff\x79\xfa\xf4\x7b\xf7\xb8\xfb\xf4\xeb\xb8\x7b\x78\x3e\x3c\x7d"
	"\x7a\xdd\xfd\xd8\x0b\xe4\xe1\xe1\xd3\xe1\xe9\x6d\xff\x27\x4c\xcb"
	"\x9f\x5e\xf7\xbf\x0e\x4f\xef\x7f\x7d\x7a\x7d\xdc\xdd\xff\xeb\xd3"
	"\xdb\xf1\xf1\xf8\xfb\xf8\x69\xf7\xfc\xbc\x7b\x79\x3c\xbe\x7c\xfa"
	"\xe3\xf9\xc7\xb5\x9a\xc7\xd7\xfb\x97\xa7\xfd\xaf\xab\x9f\xbb\x97"
	"\x87\xbd\x34\xd8\x3c\xcf\xe7\xca\x46\x7a\x2f\xf0\xbf\xaf\x0e\x4f"
	"\x07\xf0\xfa\x39\xfc\xbd\xd3\xc3\x37\x85\xa1\x3c\x62\x93\xc1\xf2"
	"\x36\xa4\x90\xa4\x78\x30\x42\xcb\xb8\xe8\xdc\xf6\x58\x51\xdf\xc5"
	"\x06\xb3\x9e\xeb\x41\x82\x30\x9c\xde\x84\x54\xf2\x14\x86\x6b\xb1"
	"\x56\x21\x36\x51\x1d\x8c\x98\xa3\xda\x02\x59\x5b\x5a\x03\x36\xef"
	"\xfa\xbf\xca\x8e\x6d\xb9\x6d\x5c\xf7\x2b\x7e\xdc\x33\x73\xb6\x93"
	"\xb8\x76\xda\x3e\xf4\x41\x17\xda\xd2\xb1\x6e\x11\xa5\xd8\xc9\x8b"
	"\x26\x4d\xbd\x89\xa7\xcd\x65\x12\x67\xb6\xfb\xf7\x07\x00\x75\xe1"
	"\xdd\xdd\x99\x76\x92\x10\x10\x45\x81\x24\x08\x80\xb8\xc8\x40\xba"
	"\x9e\xca\xe8\xce\x5f\xcc\x93\x56\x2c\xb1\xc7\xa1\xe2\x82\x13\x8a"
	"\xad\x70\x0e\x65\xfb\x1a\xcd\xf1\xaf\xff\xbc\x1c\x9f\x67\x77\xcf"
	"\xaf\xfb\xd9\xf3\xeb\xec\x61\xff\xf3\x85\xa2\x18\x15\x64\xbc\x18"
	"\x53\x32\x7c\x2b\xcd\x73\xb3\x5d\x51\xe0\xa5\x46\x13\x35\xcc\x36"
	"\x51\x5a\x25\x32\xbb\xd5\x21\xe6\x43\xc8\x6a\xac\x8d\x26\x6a\x2d"
	"\x5f\x02\x4e\x6d\x56\x44\xd3\xf4\x33\x0c\xdd\x39\x92\xc0\x35\xfa"
	"\x4d\x55\xcd\x6d\x8d\x66\x0f\x28\x94\x58\x86\xc3\x95\x82\x21\x7d"
	"\x6b\x9c\x38\x27\xb4\x63\x51\x6c\x12\xc5\xa8\xe6\xa6\xb6\xcf\x2d"
	"\xef\xc0\x63\xce\xfd\x96\xfe\xc1\xe1\x48\xa2\x14\xdc\xdc\xe8\x7e"
	"\xbd\x3a\x9f\x7f\xce\xdb\xcc\x00\x14\x6d\x66\x6f\xb4\x8d\xa4\xa2"
	"\x9f\xee\xb1\xa0\xac\x42\xe9\x8f\x8d\x1e\xe9\x47\x6c\xe9\x32\x17"
	"\x10\x77\x9f\xb0\xe7\x13\x90\xe7\x2c\x8f\x3a\x5c\xb5\x7a\x28\x4f"
	"\x73\xdb\xfb\x80\x95\x5e\xb1\xf9\x72\xa9\x96\x5a\x12\x5e\x6a\xef"
	"\xc7\x07\x8c\x1c\xb8\xbb\x3d\xee\xbf\xcf\xd8\xd3\x1d\xee\x44\x2c"
	"\xb5\xfb\xf7\xe1\xf8\x30\x0b\xde\xde\x9e\xef\x0e\x04\x8a\x6f\x8f"
	"\xb7\xc6\x8e\x8c\xa2\xdc\xa4\xba\xa5\x2d\x4a\x02\xf8\x37\x3f\xab"
	"\xca\xec\xfa\xfc\xe3\xd9\xd2\x32\xc6\x00\x6b\x1c\x9e\x3b\xe2\xd1"
	"\x34\x9c\xec\x24\xd2\x7c\x79\xe1\xc3\x81\xb3\xbb\xe5\x17\x8e\xd0"
	"\x1b\x19\xe7\x5c\x0b\x75\xd0\xc8\xcd\x2e\xe5\x02\x41\xe3\x16\x48"
	"\x02\x60\x84\x57\x03\x73\x0b\x29\xbe\xfa\xf1\xf9\xfb\xfe\xcd\x24"
	"\x60\x68\x9b\xe4\x68\x15\xba\x5f\x1a\x35\xe6\x46\x8a\x2c\xab\x9f"
	"\xa9\x29\xcf\xfa\xd6\xac\xde\xfa\x3e\xba\x82\x01\xb9\x5f\xbd\x6b"
	"\xb8\xa5\x4b\xd0\x2a\xb6\xb5\xc3\x0d\x74\x98\x93\x18\x54\xba\xa6"
	"\x35\x7d\xb9\x93\xdb\xb7\x07\x17\x69\x40\x56\x33\xd9\xab\xad\x71"
	"\x67\xa7\xe2\x55\x6e\x09\x95\x8f\x0f\xf7\xfb\xb7\xa3\xf9\xb2\x3a"
	"\xfa\x38\x8f\x2c\x3b\x18\x9a\x2d\x5d\x87\x59\xb0\x61\x73\xee\xfb"
	"\x64\x81\x12\xfa\x50\xa0\xf7\xe6\xfc\x2c\x4e\x57\x6e\x8a\xaf\xad"
	"\x87\x8c\x67\x1b\xe5\xf1\xc2\xc3\x36\x63\xeb\x23\x29\x2c\x58\x96"
	"\xe1\x4f\xdf\x68\xeb\x3c\x3e\xb1\x3d\x11\xe3\xe2\xec\x04\xc6\x89"
	"\x9d\x09\x18\x1f\xe7\xbe\x2d\x97\x04\xe7\x06\x3d\xa0\x11\xba\xb5"
	"\x35\x2f\xcf\x6d\xd3\x07\x80\x8f\xbe\x41\xf0\xdc\x0b\x6e\xd6\xb5"
	"\xab\xa6\xf9\x70\x26\x54\xcb\x73\x33\x58\x2b\x3a\xbc\x3c\x28\xe9"
	"\x2e\x47\x8e\xc5\xad\x0c\x91\x6b\x49\x4f\x0d\x8c\xa2\x0d\x53\xee"
	"\x39\x45\xea\x68\x61\x5d\xbc\xe5\xd6\x5d\x5a\xb7\x5f\x9a\x41\xce"
	"\xb2\x2c\x0d\xfc\x38\xbc\x59\x9e\x42\xb8\x70\x0f\x2f\xb6\x7e\xf6"
	"\xca\x38\x6e\x0d\x7e\x93\x04\x37\x41\xec\x9d\xbf\x20\xe3\x81\x6f"
	"\x15\x0d\xe7\x91\x6d\x6d\x30\xe6\xef\x9b\xd5\x95\x96\xba\xd3\x5c"
	"\x3e\x0b\xef\xf2\x61\x81\x7b\x64\xcd\xb6\xc4\xb9\x31\xd6\x72\xdf"
	"\x3e\x65\xd7\x1a\xaa\x86\xbe\x60\x1c\x9f\xaa\x85\x0c\xe4\xa5\x2b"
	"\x45\xdb\x19\x70\x53\xfa\xc6\xf7\x79\x31\x77\x8f\x2f\xbb\x59\x58"
	"\x7b\x5c\x24\x9e\x73\x03\x6f\x47\xc7\x78\xae\xdb\xa7\xef\xcf\x8f"
	"\xb3\xe2\xfd\xf1\xdb\xfe\x75\xc8\x3a\x62\x1b\x7f\x50\xf0\xb4\x8b"
	"\x2a\x9b\xe8\x1c\xd7\x21\xfa\x39\x14\xad\x1d\x62\x3d\x24\x04\xc4"
	"\xc6\x4d\x09\x62\x3b\x55\x11\x60\x34\xfe\x2f\x45\xed\x89\x61\x8c"
	"\x4c\x75\xed\x10\x5c\xb1\x10\x11\xbd\xcb\x47\xe6\x11\x91\xf7\xd2"
	"\xfb\x6f\x21\xd7\xc5\xfa\xb7\xf0\x50\xcf\x71\x4f\x08\x59\x49\xd2"
	"\x62\x55\x9a\x07\xec\xd6\x26\xf0\xb3\x2b\x10\xf5\xbc\x27\x3c\xa2"
	"\x80\xf2\x57\x97\xbb\x2e\x2a\x8a\xe5\x72\xb7\x3b\x85\x1d\x05\x57"
	"\x69\x9b\xe3\x25\xec\x29\xcc\x4b\x6b\x92\x6e\x05\x01\x23\x9e\xb0"
	"\xda\x48\x64\x4a\xe1\x02\x61\x50\x37\xad\xbd\x0b\x4f\x77\xdb\xab"
	"\xd1\x23\xd0\x93\x98\x5a\x1f\xc3\x89\xd9\x11\x74\xac\x19\x3b\x85"
	"\x84\x95\xc3\xd0\x04\xf2\x1b\x9f\x9d\xca\x9f\x1c\xf0\xeb\x3c\x67"
	"\x68\xae\x25\x5b\x6f\x73\x5d\xd9\x81\x55\x1b\x66\x3d\x0e\x6f\x43"
	"\x15\x6d\xb7\x3c\xfb\xd2\x45\xac\xc6\xfa\x0b\x11\xfa\x24\xe8\xae"
	"\xe9\xd5\x26\xe2\x9f\x60\xfb\x71\x8e\x57\x5b\x23\x74\xb2\x66\x13"
	"\x1c\x15\x15\x7c\x81\x23\xbf\xc2\x1a\xad\xa2\x15\x13\x7e\xb2\xe8"
	"\x5f\x4a\x2f\xd3\xbc\x80\x05\x8f\xc3\x14\x2b\x7f\x91\x82\xf2\x36"
	"\xfb\x0b\x43\x86\x0e\xf7\x4f\x22\x98\xf3\xee\x61\x7f\xf7\xe3\xf0"
	"\x74\x3f\xf1\x8e\x3e\x0d\x7e\x03\xa2\x7b\x6f\x09\xaf\x15\x07\x5c"
	"\x13\xce\xd1\x7a\x2a\x3b\x35\x20\x5c\xd4\xfb\x96\x88\xe0\xb2\xbd"
	"\x95\x45\x1c\xd4\xd7\xfa\xfb\x5c\xfe\x12\xd8\x35\xc8\x85\xd1\x26"
	"\x4b\x79\x63\x43\x1e\xed\xfc\x05\xf6\x4a\xde\xac\xab\x81\x71\x66"
	"\x87\x6f\xaf\xb7\xaf\xff\xcc\x5e\x9f\xdf\x8f\x87\x27\x59\x60\x0e"
	"\x61\xdf\x31\xac\x09\xcd\xb4\xda\xd3\xe4\xf4\x65\x83\x0a\xf3\x7f"
	"\x20\x29\xc1\x43\xb0\x1d\x6f\xea\x22\x42\x6b\x76\x8d\x01\x5f\xca"
	"\xbc\xcb\x28\x19\x2b\x1c\x50\xac\x36\xa3\x95\x4e\x18\x03\xf9\xa2"
	"\x74\x0c\x6a\x90\xdd\xd2\xd0\x3b\x35\xca\xab\x5d\x94\xac\xc9\x8c"
	"\x59\xb3\x95\xc5\x71\x8d\x8a\x92\x81\x36\xdf\xa4\x55\x96\x6a\xe9"
	"\x96\x8b\xde\xf3\xb4\x52\x2b\x3c\xc9\xb6\xa5\x9f\x4e\xf2\x0d\x67"
	"\x58\x1a\x0e\x72\xbd\x59\x12\x64\x92\xa8\x12\x41\x5a\xc4\x16\x52"
	"\x84\x81\x34\x81\x9c\xfd\x9c\x7a\x7a\xd4\xd7\xfd\x3d\x8c\x68\x56"
	"\xf0\xa0\x25\x74\x35\x4f\x6f\xd8\xd7\x2f\xde\x6f\x91\x54\x0a\x4f"
	"\x4f\xbe\xd1\x78\x7b\xb0\x18\x00\xa6\x68\x31\x74\x59\x2c\xd8\xa5"
	"\xfc\x60\x84\x11\x80\x8d\x62\x03\x8b\xa8\x34\xb5\xc4\x2d\xa3\xce"
	"\xd4\x9e\x14\x70\xda\xb4\x9d\xdd\x58\x62\x68\x75\xd0\xe0\x8b\x84"
	"\xeb\x11\x80\x67\xb2\xf0\xfa\xb3\xe5\x51\x01\x71\x89\x7d\x84\x12"
	"\xd4\x5b\x17\x23\x11\x18\x61\xea\x92\x2a\xa3\x0b\x67\xcf\x4e\xc0"
	"\x27\x9b\xd5\x3c\x0d\x4d\x45\x37\xfa\x2c\xf1\xfe\x9d\x2a\x21\x91"
	"\xc1\xdf\x9c\x75\xd1\x4c\x0b\x48\x5c\x66\xba\x50\x0c\xe8\xe4\x27"
	"\x48\x35\x9a\xfc\x54\xbf\xc1\xb5\x01\x52\x4a\xa6\x78\xb2\x52\xeb"
	"\x24\xdc\x0e\x9f\x26\xb9\xfe\xa9\xad\x31\x33\xdb\x15\x77\x3d\xad"
	"\x59\xc1\x9f\x62\x84\x6e\x10\x60\xbd\xd4\x18\x5d\xf2\xd6\x8a\x43"
	"\x99\x04\x08\x01\x30\xb7\x42\xb2\x1b\xb9\xde\xa1\x02\x58\x98\x0c"
	"\xd4\x72\x45\x09\xc2\x44\xdc\xf1\x32\x2b\x95\x9c\xbb\x72\x2b\x5e"
	"\x0c\x7f\x76\x80\xe0\x85\x12\xa8\x81\x63\x8f\x33\x9c\x56\x5b\x5b"
	"\xb7\x91\x0b\x6e\x4a\xed\x61\x6e\x6d\x5e\x71\x39\x94\x9e\xf3\x32"
	"\x4a\xa9\x9a\x20\xac\x9b\x3a\x50\x6e\x52\x29\xd4\x4d\x2e\x0f\x28"
	"\x9a\x30\x0a\xa7\x53\x4e\x0b\x6c\x57\x0a\x44\x16\xf4\x31\x94\x7c"
	"\xbd\x83\x23\x69\xdd\x24\x1a\x0c\x01\x78\x13\xac\x15\xd9\xa1\x01"
	"\x22\x0c\x6f\x87\xbb\xa6\xbb\x58\x84\x69\xa3\x1d\x9e\x03\xd1\x11"
	"\x2d\x2a\x13\x92\xf9\xa5\xa9\x82\xd6\xfe\xd0\x29\xe5\xf8\x4d\xbe"
	"\x4d\xcb\x26\x0b\xa5\x86\x75\x26\xe6\x4d\xda\x73\x55\xdb\xd5\xca"
	"\x87\xc5\x97\xf2\x51\x9c\x95\x8a\xe5\x0e\xff\xf6\x6d\x93\x22\x53"
	"\xdd\x22\xa3\xec\xa6\x6b\x02\xd5\xf8\x57\xd6\xb1\xc3\xba\x03\x04"
	"\xb0\x5f\x1a\xd5\x97\xc8\xd2\x6d\x41\xa4\x79\x95\xc2\x1e\x54\x58"
	"\xf8\x2a\x96\x68\x83\x31\xc3\x35\x5a\x61\x9b\xfa\xda\x41\xd4\xab"
	"\x98\x97\xe6\xfa\x5e\xb3\x86\xaa\x89\xad\x62\x79\x81\x0c\xd0\x9e"
	"\x99\xa8\x8f\x72\x8c\x43\x2f\x33\x8b\xbc\x20\xaa\x5b\xa6\xd2\xae"
	"\xe0\x30\xc9\x5a\x48\x25\xba\x36\x14\x6b\xb7\x63\xc7\x78\x21\x38"
	"\xc8\x99\xd4\xfa\xf2\x7a\x78\x3a\xfe\x10\x99\x59\x1e\xf7\x6f\xf7"
	"\xa6\xdb\x07\x89\x6e\x1b\x2a\xb0\xa4\xf8\xd8\xa3\x4b\x2e\x56\x33"
	"\xca\xf0\x82\x7c\xbc\xe9\xf9\xe4\xc4\xb8\x6c\x53\xd6\x7c\x5d\x4c"
	"\xbe\xfd\x42\xe8\x36\x7a\x58\x48\x4e\x22\x58\xb9\xac\x7f\x7f\xcc"
	"\xb2\xc0\x2e\x81\xc7\xd7\x45\x80\x45\xee\xdd\xf5\x4d\x45\x49\xbc"
	"\x61\x44\x6d\x81\x27\x03\xca\xec\x65\x6a\xc4\xcc\x6b\xcf\x50\x36"
	"\x6d\x46\xf7\xdf\xa4\x64\x5a\x12\x06\x3f\xbe\x1c\x7e\xee\xff\x3c"
	"\x1e\x1e\x7b\x21\xfe\x8d\x88\x79\x27\xda\x5f\x4d\x7a\x8a\x8e\x7b"
	"\x8d\x55\x7b\x1d\xb6\x62\xf0\x51\x1b\x39\x2c\x37\x12\x1a\x07\xd9"
	"\xb1\x39\x85\x14\x6f\x83\x7a\xb5\x38\x85\x15\x36\x76\xc9\x63\x1d"
	"\xc3\x6e\x8d\xea\xb4\x6a\xac\x0e\xd0\x7d\x85\x28\xd0\x17\x84\x7f"
	"\x83\x14\xad\x53\x07\x39\xa3\xb0\xb5\xaf\x8b\xb3\x2f\x17\xea\x22"
	"\xad\x80\x85\x62\x3c\x7c\xee\x4a\xbd\x11\xc4\xa2\x70\xb0\xa3\xe0"
	"\x60\x5b\x80\x94\x1d\x63\x07\x61\x99\x39\x5c\xd9\x71\x65\x95\xdb"
	"\xc2\x61\x89\x10\x9f\xee\x0a\x27\x60\x58\x92\xac\x8f\x21\xf5\x3c"
	"\xce\x45\x48\x28\x46\x96\xe4\x58\x4b\xce\xee\x4c\xa2\xa0\x10\x45"
	"\xba\xb2\xc8\xae\xb5\x4d\xbe\x0d\x8a\xa6\x27\xda\xb0\x28\x75\x62"
	"\xf6\xed\xe6\x9a\xe9\x2b\xd2\xb1\x60\x43\x95\x56\x80\x23\x5b\x4b"
	"\x65\x63\xce\x16\xd0\xdb\x94\xfa\x70\x53\xe3\x78\xc3\x2d\x26\xf5"
	"\xeb\xd9\xaf\x73\x1b\x16\xa8\x49\xa9\xac\x6a\x89\x11\x60\x80\x10"
	"\xcb\x06\xe5\xae\x77\x2c\x88\xf7\xdf\xde\xef\xef\x05\xa7\x51\xe7"
	"\x05\xce\x55\x56\x70\x57\x34\xad\xe8\x12\x11\xe9\xa8\xf1\xe2\xf4"
	"\x05\x1c\xcb\x32\x77\xaf\x02\xa0\x1b\x2f\x0b\x97\x26\x3b\xbd\x0d"
	"\xd6\xdd\xca\x83\x52\x97\x71\x80\x21\x95\xae\x52\xcb\x02\xab\x0c"
	"\x31\x50\xd8\xe1\x8b\x96\xb5\xa1\x59\x7c\x4e\x3e\x51\x7a\x6a\x62"
	"\xf1\x29\x98\x4d\x73\xa6\x07\x88\x6f\x51\x92\xc7\x43\x8b\x9c\xd5"
	"\x83\x65\x75\x69\x19\x4f\x9b\x1e\x27\xad\x9b\x36\xc8\xcc\x51\xf4"
	"\x00\x1f\xd3\x14\xf5\x49\xd1\x83\xc2\x47\x74\xb1\x58\x51\xa6\x71"
	"\x52\x44\x08\x6b\x01\x0f\x0a\x9b\x39\x80\x00\x54\x21\x28\x90\xc3"
	"\x8c\x7b\x67\x13\x01\x35\xd5\x3c\x19\x3a\x3d\x3b\x39\x16\x22\xc0"
	"\x16\x05\x27\x1e\x40\xfa\x4e\xae\x5b\xd2\x58\x56\x4c\x29\x91\x66"
	"\xff\x7b\xf0\x7c\xd3\x5c\x29\x7b\x58\x40\x45\xbc\x68\x9b\x5f\x01"
	"\xe5\x97\x53\xad\xd2\x1e\xa3\x68\xf3\x61\x89\x7d\xbd\xf8\x68\x74"
	"\x4d\xd2\x36\x19\xab\x68\x2f\xf3\x69\x9c\xe3\xdc\x6e\xa2\xf2\xca"
	"\xa0\x05\x7c\x18\x34\xf7\x59\x50\x2a\x45\xb7\x41\x7c\xdf\x72\x4b"
	"\x30\x83\x95\x71\x31\x89\x5b\x7f\x86\x69\xb4\xdf\x5f\xc4\x69\x98"
	"\xdc\x3e\xdd\x6b\x35\xa2\x57\x0d\xda\x47\xda\xca\x5f\x12\x45\x00"
	"\xbb\xa4\x05\xc9\xa6\x09\xb8\x7d\xe9\x6f\x2f\xc7\x6a\x9e\x0e\x3e"
	"\x30\x32\x0a\xeb\x52\x53\xe0\xba\x77\x9e\x00\x0e\x95\x61\xff\x1c"
	"\xd9\x22\x8f\x50\x84\x20\x32\x48\x62\x19\x35\xea\x67\xfb\x54\x69"
	"\x96\xc0\x2e\x29\x65\x44\x03\x5d\x01\x2b\xd0\x37\x18\x1b\x6e\x4d"
	"\x1e\x82\xdd\xe8\x1e\x87\xd4\xb5\xd8\xfe\xac\x88\xc7\x03\x59\x9b"
	"\x30\xfc\x8e\x0d\x63\xd5\x09\x7e\x08\x9a\x55\x5e\x99\x22\x24\x4e"
	"\xe9\xc4\xd8\x67\x7f\xbc\xbd\x1c\x9e\xd0\x23\xe0\xed\xbf\xb3\xc7"
	"\xf7\xe3\xfe\xd7\x1e\x7e\xd9\x1f\xef\x3e\x7c\xf8\xf0\x9f\x49\xde"
	"\xa1\xcc\x03\xd4\xef\x9a\xe4\xd3\xb6\x42\x6d\x48\x8b\x4e\xbd\x1a"
	"\x33\x0c\xd8\x33\xfb\x61\x1f\xf8\xc5\x3e\x0e\x8d\x26\x35\x50\xda"
	"\x98\x4f\x9e\xe3\xf0\xe5\x7a\x51\x64\x9d\x7b\x9d\xec\x64\xbb\x15"
	"\x48\xc0\xd2\xcb\xad\xee\xb8\xab\x8f\x0a\xb3\x3a\xf8\x3a\xa3\x4f"
	"\x3b\x75\xd4\x81\xa2\x8c\x12\x2e\x15\x59\x3d\xd1\x17\xd2\x98\xae"
	"\x62\x7a\x3d\x80\xbb\x09\x0a\x9b\x0e\xfd\x24\xdd\x87\xda\xf4\xa1"
	"\x6e\x95\x8d\x96\x1c\xb1\x0e\x79\x4a\x49\xd0\x41\xc7\xbb\xb6\xc0"
	"\x5b\x48\x58\x9a\xc2\x4a\xe2\x19\xfc\x46\x70\x36\xff\xe1\x08\xff"
	"\xaf\x58\x1d\x96\x9c\xe9\x42\x88\x1b\x82\x16\x6a\x73\x27\x00\x89"
	"\x10\xe0\x5b\x2b\xbe\x2d\x32\x14\x75\xf6\x4d\x6d\x04\x92\x3c\x68"
	"\xda\x20\x31\x99\xf1\xe0\x75\xd4\xda\x45\x24\x00\x50\xd1\x4d\xf7"
	"\xac\x20\x86\x6b\xea\x24\x14\x3c\x5b\x61\x72\x60\x0e\xc6\xf2\xd7"
	"\xe7\x32\x7c\xe2\x4a\x88\x04\x0c\x4f\x7d\x01\xce\xa8\xf3\xf5\xec"
	"\x92\x9f\x54\xb7\x80\x2b\x0b\xd1\xb4\x36\x84\x52\x0d\x53\x24\x27"
	"\x01\xb1\x10\xaf\x82\x1c\x86\x43\xf8\x98\xa4\x6c\xaa\x4c\xc8\x38"
	"\x14\x5e\x4a\xb9\xfd\xec\x81\x13\xfd\xe4\x74\xac\xae\xcb\xfa\x54"
	"\xfa\x96\xdf\x48\xf1\x82\x06\xba\x22\xba\x6e\x4a\x5b\xa1\xe9\xa2"
	"\xac\x04\xb9\x6a\x4d\x48\x59\xb5\x85\x90\xff\xad\xd0\x41\x6d\x5d"
	"\x0d\x9b\x47\x79\x54\x1c\xc6\x39\xa5\x75\x03\xd1\x14\xad\x1e\x1a"
	"\x0a\x26\x00\xa0\xd9\x45\x4c\xd2\x0e\xb8\x86\x11\xf5\x0f\x8a\x5e"
	"\xf4\x74\x67\x11\x52\x5d\x32\xa6\x21\xe3\xd0\xab\x4e\xf6\xb5\x95"
	"\x01\x5f\xb9\x7a\x42\xda\xe3\x74\xf1\x6d\x8a\x5a\x8d\xfe\x79\x98"
	"\x8b\x0d\xd4\xfa\xb5\x9e\xb2\x84\xae\x15\x1b\x9b\x3f\x98\xf1\x86"
	"\xc1\x50\xa2\x77\x3d\x7a\x49\x0a\x59\x85\x4c\x03\xea\x87\xa9\x67"
	"\xcc\x30\xc7\x06\x83\xd2\xe6\xc6\x91\x13\x81\x8e\x41\x34\x1f\x11"
	"\x21\xb8\xcb\xba\x04\xd2\xcc\xea\x37\x3a\xf2\xa1\x88\xf3\xdb\x83"
	"\x90\x6c\xb1\xf4\xad\x07\xa1\x5f\x32\xfd\xb2\x70\xe4\x02\xa6\xc7"
	"\x3b\x5e\x80\xcc\x0d\xdb\xc9\x76\x5f\x07\x7c\x1a\xa6\x14\x8e\x64"
	"\xba\xce\x44\x47\x6c\xed\xa8\xa6\xf6\xa0\x80\x3d\x16\xe0\x3d\xa1"
	"\x78\xc0\x71\x5e\x8e\xe8\xb0\x4e\xbd\x88\x42\x70\xf1\x7c\x5d\x98"
	"\x6d\xe8\xa2\x98\xca\x8d\x06\xd6\x5b\xf4\x16\xde\x16\xb2\x7e\xaa"
	"\xa6\xb9\x0f\xab\x95\xd1\xa6\x61\x1a\x34\x6c\x02\x60\xaf\x95\x9b"
	"\x05\x27\x78\xe9\xd9\x27\xf1\xf6\x50\x9a\x76\x65\x17\x02\xeb\x48"
	"\xf2\xa0\xb6\x0b\x1d\xd2\xbe\xfb\x17\x98\x27\x47\x28\xad\x5d\xb2"
	"\x9c\xb9\x31\xc5\x27\x33\x10\x7b\xc9\xbc\x8c\xf3\xe5\xde\xa1\x3d"
	"\xcd\x8c\xc2\xb6\x64\x80\x86\x23\xd5\x15\xf7\x5e\x03\x03\x82\x53"
	"\x88\x46\x81\xdd\xf4\x1e\x2f\x52\x56\x41\xac\xbc\x81\x54\xe5\xb0"
	"\x71\x1d\x89\x07\x7d\xd0\x70\x90\x42\x48\x56\xf1\x1c\x9e\x21\x66"
	"\x45\x72\xc3\x07\xed\xab\xf3\xa3\x89\xe4\xb5\x6e\xb8\x10\xd8\x30"
	"\xed\xa9\x45\x72\x52\x3f\x29\x61\xbb\xb8\x75\x24\x34\x15\xdf\x2c"
	"\x0c\xbb\x22\x4a\x8a\xbb\xf1\x36\x80\xd8\x94\x3b\x37\x82\xb8\x84"
	"\x77\xc3\x85\x4d\xd9\x0b\x87\x53\x35\x8b\xdd\x18\x6d\x9b\x7a\xa0"
	"\x98\xe5\x68\x05\x22\xb3\x1b\xa3\x46\xcb\x6c\xa3\x87\x66\x69\xf4"
	"\x72\x39\x23\x11\x34\x8d\x03\x37\x30\xdb\xe4\x9e\xb1\xa3\xbf\x91"
	"\x9e\x79\x49\x23\x40\x65\xa7\xde\x2a\x2d\x30\x11\xe9\xa9\xad\x2e"
	"\x54\xf3\xb4\xce\x41\x3a\xf6\x7c\xa0\xc8\xec\xe3\x19\xa8\xdb\x14"
	"\xde\xaf\x97\xd1\xc6\xe0\x59\x2c\x79\xe9\x99\xa9\x9c\xe5\x4e\xeb"
	"\xcd\xf0\x0e\x54\x35\x1c\x28\xf0\xb8\x43\x30\x25\x23\x59\xd1\x91"
	"\x2d\x0d\x44\x13\x2c\x99\x90\xaa\x71\x37\xa3\x58\xaa\xe1\xd8\xae"
	"\xb2\xa3\x6e\x4b\x12\x9e\x72\x0d\x42\x56\x94\x13\x16\xa5\x75\xac"
	"\xdc\x29\xe1\xdf\x3e\x8b\x58\x1b\x92\xed\x07\x46\xd6\xa4\x37\x74"
	"\x9a\x29\x01\xb6\xa1\xdd\x62\x24\x19\xd4\x28\x9d\x6b\xca\x49\xcf"
	"\xdb\xb2\x58\x4b\xc2\x0b\x6c\xa2\x6a\x90\x07\x08\xf6\xe9\xb0\x4b"
	"\x57\x29\x5a\x16\x06\xd9\x2b\x75\xdc\x75\x89\xee\x84\xb2\x85\x63"
	"\x25\x39\x0d\xc4\x13\xce\x7c\xaa\xce\x76\x67\xbd\x0e\x26\xd5\x33"
	"\x4b\xd7\x45\x6f\xfe\x34\xc7\x5d\x33\x8c\xa0\x72\xb3\x41\x42\x12"
	"\x41\xb7\x20\x00\xa0\x8d\x3a\x64\x2b\x4c\xc8\x92\x07\x1b\x87\x03"
	"\x01\x40\x79\xba\x4e\x1a\x4b\xee\xfb\xbb\x87\xd9\xcb\xed\xdd\x8f"
	"\xdb\xfb\xfd\x18\xc6\x56\x3f\x16\xfb\xe3\x6c\xff\xeb\xb8\x7f\x7a"
	"\x53\xef\x59\xea\x1c\xfd\x77\x50\x95\x92\x84\x5c\x6a\xe3\x89\x94"
	"\x3c\xed\x71\xff\x7a\x2b\xf7\x3a\xae\xf2\x28\xa1\xfc\xe2\xe8\x3e"
	"\x5c\x07\xdd\x2e\x0d\x80\xa0\xea\x91\x65\xc3\x40\x4f\x61\xc7\xb6"
	"\xb1\xa2\x13\xb3\x53\xbe\xf5\xff\x9e\x31\xe0\x16\xa7\xab\x02\x00"
	""
MAGIC_END;
